ID;Name;Table;Description;DataType;Expression;FormatString;IsHidden;State;KPIID;IsSimpleMeasure;DisplayFolder;DetailRowsDefinition;DataCategory;FormatStringDefinition;LineageTag
729646;"TRIAGES_2024";"OPORTUNIDAD_TRIAGE";"";"Integer";"
CALCULATE(
    COUNT(OPORTUNIDAD_TRIAGE[OID_TRIAGE]),
    YEAR(OPORTUNIDAD_TRIAGE[FECHA]) = 2024
    )
";"";False;"Valid";;False;"";"";"";"""0""";"9bc4cbc2-c3f1-4c08-8d71-21a30cabe426"
730194;"TRIAGES_2023";"OPORTUNIDAD_TRIAGE";"";"Integer";"
CALCULATE(
    COUNT(OPORTUNIDAD_TRIAGE[OID_TRIAGE]),
    YEAR(OPORTUNIDAD_TRIAGE[FECHA]) = 2023
    )";"";False;"Valid";;False;"";"";"";"""0""";"3f737540-90cf-447e-b6fe-2563be25a261"
746066;"PROMEDIO_TRIAGE_2024";"OPORTUNIDAD_TRIAGE";"";"Number";"
CALCULATE(
    AVERAGE(OPORTUNIDAD_TRIAGE[MIN]),
    YEAR(OPORTUNIDAD_TRIAGE[FECHA]) = 2025
    )";"";False;"Valid";;False;"";"";"";"""0.00""";"9101b496-d8e4-458a-b1e5-eff8fed4e01f"
746888;"PROMEDIO_TRIAGE_2023";"OPORTUNIDAD_TRIAGE";"";"Number";"
CALCULATE(
    AVERAGE(OPORTUNIDAD_TRIAGE[MIN]),
    YEAR(OPORTUNIDAD_TRIAGE[FECHA]) = 2023
    )";"";False;"Valid";;False;"";"";"";"""0.00""";"d8231967-8c18-4ed2-98e4-a27adc880171"
767484;"TRIAGES_2025";"OPORTUNIDAD_TRIAGE";"";"Integer";"
CALCULATE(
    COUNT(OPORTUNIDAD_TRIAGE[OID_TRIAGE]),
    YEAR(OPORTUNIDAD_TRIAGE[FECHA]) = 2025
    )
";"";False;"Valid";;False;"";"";"";"""0""";"9c60eec1-5f98-47c5-9def-cce6438eda12"
769131;"PROMEDIO_TRIAGE_2025";"OPORTUNIDAD_TRIAGE";"";"Number";"
CALCULATE(
    AVERAGE(OPORTUNIDAD_TRIAGE[MIN]),
    YEAR(OPORTUNIDAD_TRIAGE[FECHA]) = 2025
    )";"";False;"Valid";;False;"";"";"";"""0.00""";"7b129ca9-2b79-4db8-b509-998f844f7958"
884939;"TRIAGES_PEDIATRICOS_2025";"OPORTUNIDAD_TRIAGE";"";"Integer";"
CALCULATE(
    COUNT(OPORTUNIDAD_TRIAGE[OID_TRIAGE]),
    YEAR(OPORTUNIDAD_TRIAGE[FECHA]) = 2025,
    OPORTUNIDAD_TRIAGE[MENORES]=""MENORES DE EDAD""
    )
";"";False;"Valid";;False;"";"";"";"""0""";"25e5a038-53c6-4a0d-8714-2c1b6e16906b"
886034;"PROMEDIO_TRIAGES_PEDIATRICOS_2025";"OPORTUNIDAD_TRIAGE";"";"Number";"
CALCULATE(
    AVERAGE(OPORTUNIDAD_TRIAGE[TIEMPO_TRIAGE_PROM]),
    YEAR(OPORTUNIDAD_TRIAGE[FECHA]) = 2025,
    OPORTUNIDAD_TRIAGE[MENORES]=""MENORES DE EDAD""
    )
";"";False;"Valid";;False;"";"";"";"";"4c04c1d6-0750-43fa-9e8b-9dcd199b5ef4"
1014478;"Triages_Año_Anterior";"OPORTUNIDAD_TRIAGE";"";"Integer";"
CALCULATE (
    [TOTAL_TRIAGES],
    SAMEPERIODLASTYEAR ( Calendario[Date] )
)";"";False;"Valid";;False;"";"";"";"""0""";"7dc6732e-a824-473c-9eb4-2ff5f090b7ae"
1015082;"TOTAL_TRIAGES";"OPORTUNIDAD_TRIAGE";"";"Integer";"DISTINCTCOUNT(OPORTUNIDAD_TRIAGE[OID_TRIAGE])";"";False;"Valid";;False;"";"";"";"""0""";"4b6c28fd-bb30-415a-9d18-794c6bd03f02"
1015987;"Crecimiento_TRIAGES";"OPORTUNIDAD_TRIAGE";"";"Number";"
DIVIDE (
    [TOTAL_TRIAGES] - [Triages_Año_Anterior],
    [Triages_Año_Anterior]
)";"";False;"Valid";;False;"";"";"";"";"de878976-a440-41a1-ab80-80bc66e99699"
1016893;"Proyeccion_TRIAGES";"OPORTUNIDAD_TRIAGE";"";"Number";"
VAR TRIAnt = [Triages_Año_Anterior]
VAR CrecAnt =
    CALCULATE (
        [Crecimiento_TRIAGES],
        SAMEPERIODLASTYEAR ( Calendario[Date] )
    )
RETURN
TRIAnt + (TRIAnt * CrecAnt)";"";False;"Valid";;False;"";"";"";"""0""";"a4a3247d-0892-4c22-a1fb-bbc6698870c0"
1047019;"Proyeccion_Mensual_Visible";"OPORTUNIDAD_TRIAGE";"";"Number";"
-- 1. Determinamos el año de referencia (Prioridad: Filtro > Año Actual)
VAR AnnoFiltro = SELECTEDVALUE( 'Calendario'[Año] )
VAR AnnoHoy = YEAR( TODAY() )
VAR AnnoReferencia = IF( ISBLANK( AnnoFiltro ), AnnoHoy, AnnoFiltro )

-- 2. Identificamos el mes que está dibujando la gráfica en este momento
VAR MesContexto = SELECTEDVALUE( 'Calendario'[Mes] )

-- 3. Cálculos de años anteriores ignorando filtros de año del segmentador
VAR CirAnt =
    CALCULATE (
        [TOTAL_TRIAGES],
        REMOVEFILTERS( 'Calendario' ), 
        'Calendario'[Año] = AnnoReferencia - 1,
        'Calendario'[Mes] = MesContexto
    )

VAR CirAntAnt =
    CALCULATE (
        [TOTAL_TRIAGES],
        REMOVEFILTERS( 'Calendario' ),
        'Calendario'[Año] = AnnoReferencia - 2,
        'Calendario'[Mes] = MesContexto
    )

-- 4. Cálculo de Proyección
VAR Crec = DIVIDE ( CirAnt - CirAntAnt, CirAntAnt )
VAR Proy = CirAnt * ( 1 + Crec )

-- 5. Interruptor SI/NO
VAR Mostrar = SELECTEDVALUE ( MostrarProyeccion[Opcion], ""NO"" )

RETURN
IF ( Mostrar = ""SI"", Proy )";"";False;"Valid";;False;"";"";"";"""0""";"4aa4ee8c-fef8-4f13-931e-692ad499803f"
2459809;"TRIAGES_2026";"OPORTUNIDAD_TRIAGE";"";"Integer";"
CALCULATE(
    COUNT(OPORTUNIDAD_TRIAGE[OID_TRIAGE]),
    YEAR(OPORTUNIDAD_TRIAGE[FECHA]) = 2026
    )
";"";False;"Valid";;False;"";"";"";"""0""";"9e8c00ce-3a8e-42e6-88f4-a5f3fce5c9a4"
2547332;"PROMEDIO_TRIAGE_2026";"OPORTUNIDAD_TRIAGE";"";"Number";"
CALCULATE(
    AVERAGE(OPORTUNIDAD_TRIAGE[MIN]),
    YEAR(OPORTUNIDAD_TRIAGE[FECHA]) = 2026
    )";"";False;"Valid";;False;"";"";"";"""0.00""";"3f9419fe-a2cf-44a2-9f95-e8a9bbb62a61"
2620229;"total_triage";"OPORTUNIDAD_TRIAGE";"";"Integer";"COUNTROWS(OPORTUNIDAD_TRIAGE)";"";False;"Valid";;False;"";"";"";"""0""";"4408fa74-dca7-482d-b112-af4722bac90d"
747713;"PRIORITARIAS_2023";"CONSULTA_URGENCIAS";"";"Integer";"
CALCULATE(
    COUNT(CONSULTA_URGENCIAS[DOCUMENTO]),
    YEAR(CONSULTA_URGENCIAS[FECHA_FOLIO]) = 2023
    )";"";False;"Valid";;False;"";"";"";"""0""";"af6a9737-b6a5-4b6d-946d-40750b67e28d"
748534;"PRIORITARIAS_2024";"CONSULTA_URGENCIAS";"";"Integer";"
CALCULATE(
    COUNT(CONSULTA_URGENCIAS[DOCUMENTO]),
    YEAR(CONSULTA_URGENCIAS[FECHA_FOLIO]) = YEAR(TODAY()-1)
    )";"";False;"Valid";;False;"";"";"";"""0""";"3fd32d6f-69fc-4e32-9f8e-138b4ba1dc02"
749905;"TIEMPO_OPORTUNIDAD_PRIORITARIAS_2023";"CONSULTA_URGENCIAS";"";"Number";"
CALCULATE(
    AVERAGE(CONSULTA_URGENCIAS[tiempo_consulta]),
    YEAR(CONSULTA_URGENCIAS[FECHA_FOLIO]) = 2023
    )";"";False;"Valid";;False;"";"";"";"""0.00""";"63809030-441d-4af6-913c-2be9ba9e1665"
750454;"TIEMPO_OPORTUNIDAD_PRIORITARIAS_2025";"CONSULTA_URGENCIAS";"";"Number";"
CALCULATE(
    AVERAGE(CONSULTA_URGENCIAS[tiempo_consulta]),
    YEAR(CONSULTA_URGENCIAS[FECHA_FOLIO]) = 2025
    )";"";False;"Valid";;False;"";"";"";"""0.00""";"fd91fed9-e085-4bf5-b1a5-13ea31736a65"
769954;"PRIORITARIAS_2025";"CONSULTA_URGENCIAS";"";"Integer";"
CALCULATE(
    COUNT(CONSULTA_URGENCIAS[DOCUMENTO]),
    YEAR(CONSULTA_URGENCIAS[FECHA_FOLIO]) = YEAR(TODAY()
    ))";"";False;"Valid";;False;"";"";"";"""0""";"d9a68df4-bb6a-4ab4-82be-f3f6a110a6d9"
770503;"TIEMPO_OPORTUNIDAD_PRIORITARIAS_2026";"CONSULTA_URGENCIAS";"";"Number";"
CALCULATE(
    AVERAGE(CONSULTA_URGENCIAS[tiempo_consulta]),
    YEAR(CONSULTA_URGENCIAS[FECHA_FOLIO]) = 2026
    )";"";False;"Valid";;False;"";"";"";"""0.00""";"c1b0d36a-0948-4d6e-9b96-9400c3a7e22c"
892889;"PRIORITARIAS_ACT";"CONSULTA_URGENCIAS";"";"Integer";"
CALCULATE(
    DISTINCTCOUNT(CONSULTA_URGENCIAS[DOCUMENTO]),
    YEAR(CONSULTA_URGENCIAS[FECHA_FOLIO]) = YEAR(TODAY())
    )";"";False;"Valid";;False;"";"";"";"""0""";"002e1318-46b4-45a9-a268-92eda5eb9815"
894263;"TIEMPO_OPORTUNIDAD_PRIORITARIAS_ACT";"CONSULTA_URGENCIAS";"";"Number";"
CALCULATE(
    AVERAGE(CONSULTA_URGENCIAS[tiempo_consulta]),
    YEAR(CONSULTA_URGENCIAS[FECHA_FOLIO]) = YEAR(TODAY())
    )";"";False;"Valid";;False;"";"";"";"";"a3924cd6-4639-414f-8769-9a8dc68f2ab4"
742374;"CIRUGIAS_2024";"CIRUGIAS";"";"Integer";"
CALCULATE(
    COUNT(CIRUGIAS[CUPS]),
    YEAR(CIRUGIAS[FECHA_CIRUGIA]) = 2024
    )";"";False;"Valid";;False;"";"";"";"""0""";"f78abfe7-a49f-49df-b8a7-89b9e6a86da1"
744688;"CIRUGIAS_2023";"CIRUGIAS";"";"Integer";"
CALCULATE(
    COUNT(CIRUGIAS[CUPS]),
    YEAR(CIRUGIAS[FECHA_CIRUGIA]) = 2023
    )";"";False;"Valid";;False;"";"";"";"""0""";"6d4cbad1-db6c-4c9e-8244-61f351fb2740"
768032;"CIRUGIAS_AÑO_ANTERIOR";"CIRUGIAS";"";"Integer";"
CALCULATE(
    COUNT(CIRUGIAS[CUPS]),
    YEAR(CIRUGIAS[FECHA_CIRUGIA]) = YEAR(TODAY())-1
    )";"";False;"Valid";;False;"";"";"";"""0""";"5e3f5622-313e-4895-a9c9-d265bb03a0db"
980657;"PROYECCIÓN_QX";"CIRUGIAS";"";"Integer";"BLANK()";"";False;"Valid";;False;"";"";"";"";"051188b4-1a39-40d4-88ab-0768fc4486eb"
981753;"Cirugias_Año_Actual";"CIRUGIAS";"";"Integer";"
CALCULATE (
    [TOTAL_CIRUGIAS],
    Calendario[Año]=YEAR(TODAY())
)
";"";False;"Valid";;False;"";"";"";"""0""";"bc1d5f29-b950-40d8-b282-587542fc28b0"
982301;"Crecimiento_%";"CIRUGIAS";"";"Number";"
DIVIDE (
    [TOTAL_CIRUGIAS] - [Cirugias_Año_Actual],
    [Cirugias_Año_Actual]
)";"";False;"Valid";;False;"";"";"";"";"f0cf0356-b801-4ff7-935f-6ada58d92d62"
982850;"Proyeccion";"CIRUGIAS";"";"Number";"
VAR CirAnt = [Cirugias_Año_Actual]
VAR CrecAnt =
    CALCULATE (
        [Crecimiento_%],
        SAMEPERIODLASTYEAR ( Calendario[Date] )
    )
RETURN
CirAnt + (CirAnt * CrecAnt)
";"";False;"Valid";;False;"";"";"";"";"2273fab4-deaa-4cff-8f14-797b3ae5714c"
62159;"RELACION_PARTOS_VAGINALES_CESAREA";"PARTOS";"";"Number";"SUM(PARTOS[PARTOS_VAGINALES])/SUM(PARTOS[Cesareas])";"";False;"Valid";;False;"";"";"";"";"062f2a32-8905-4891-b1dd-de319f59bcc6"
272972;"%OCUPACIONALC";"PORCENTAJE_OCUP";"";"Number";"SUM(PORCENTAJE_OCUP[OCUPADA])/SUM(PORCENTAJE_OCUP[DISPONIBLE])";"";False;"Valid";;False;"";"";"";"""0.00\ %;-0.00\ %;0.00\ %""";"4c4876f7-2dab-4ea2-a84c-5d646b6fcd96"
888230;"OBSERVADOS_2025";"OBSERVADOS";"";"Integer";"
CALCULATE(
    COUNT(OBSERVADOS[HCENTRIAGE]),
    YEAR(OBSERVADOS[fecha]) = 2025
    )
";"";False;"Valid";;False;"";"";"";"""0""";"39de35a1-1eb4-414e-9de7-3ddb1f70500a"
889051;"OBSERVADOS_2024";"OBSERVADOS";"";"Integer";"
CALCULATE(
    COUNT(OBSERVADOS[HCENTRIAGE]),
    YEAR(OBSERVADOS[fecha]) = 2024
    )
";"";False;"Valid";;False;"";"";"";"""0""";"dfeef750-6c4f-4b5c-b65c-8270cbbe5564"
317340;"TOTAL_CARDIOLOGIA";"Calendario";"";"Integer";"COUNT(IMAGENES_CARDIOLOGIA[Column1])";"";False;"InvalidExpression";;False;"";"";"";"""0""";"50744c7a-bb35-4763-979e-1d9a5952d130"
317860;"TOTAL_ECOGRAFIAS";"Calendario";"";"Integer";"COUNT(IMAGENES_ECOGRAFIA[SIPCODIGO])";"";False;"Valid";;False;"";"";"";"""0""";"f1ab92d7-b44c-41db-a052-f458c983bcaf"
318380;"TOTAL_OTRAS";"Calendario";"";"Integer";"COUNT(IMAGENES_OTRAS[SIPCODIGO])";"";False;"Valid";;False;"";"";"";"""0""";"c9bd1258-c055-44ac-b16a-29ec4605d617"
318900;"TOTAL_IMAGENES";"Calendario";"";"Integer";"[TOTAL_CARDIOLOGIA]+[TOTAL_ECOGRAFIAS]+[TOTAL_OTRAS]";"";False;"Valid";;False;"";"";"";"""0""";"a2801cc3-3992-4877-8245-fc1d87ad342d"
375016;"TOTAL_AMBULATORIO";"Calendario";"";"Integer";"SUM(IMAGENES_CARDIOLOGIA[AMBULATORIO_CARDIO])+SUM(IMAGENES_ECOGRAFIA[AMBULATORIO_ECO])+SUM(IMAGENES_OTRAS[AMBULATORIO_OTRAS])";"";False;"Valid";;False;"";"";"";"""0""";"ca3ccd74-8359-48f6-8b24-28d2bedb21d4"
375536;"TOTAL_HOSPITALARIO";"Calendario";"";"Integer";"SUM(IMAGENES_CARDIOLOGIA[HOSPITALARIO_CARDIO])+SUM(IMAGENES_ECOGRAFIA[HOSPITALARIO_ECO])+SUM(IMAGENES_OTRAS[HOSPITALARIO_OTRAS])";"";False;"Valid";;False;"";"";"";"""0""";"94156e45-958f-42d3-8700-1f4277b94efc"
376059;"TOTAL_LABORATORIOS";"Calendario";"";"Integer";"[TOTAL_AMBULATORIO]+[TOTAL_HOSPITALARIO]";"";False;"Valid";;False;"";"";"";"""0""";"25047361-7d8f-4722-ad9a-35082533cfe2"
800662;"PROM_TRIAGE";"Calendario";"";"Number";"DISTINCTCOUNT(OPORTUNIDAD_TRIAGE[OID_TRIAGE])/MONTH(TODAY())
";"";False;"Valid";;False;"";"";"";"""0""";"45c81e71-70ae-47fb-881d-fb470e594d27"
886583;"PROM_TRIAGE_PEDIATRICOS";"Calendario";"";"Number";"
DIVIDE(
    CALCULATE(
        DISTINCTCOUNT(OPORTUNIDAD_TRIAGE[OID_TRIAGE]),
        OPORTUNIDAD_TRIAGE[MENORES] = ""MENORES DE EDAD"",
        YEAR(OPORTUNIDAD_TRIAGE[FECHA_TRIAGE])=YEAR(TODAY())
    ),
    MONTH(TODAY())
)
";"";False;"Valid";;False;"";"";"";"""0""";"1e12c253-dee0-4685-8fe6-271d5cb648c3"
890149;"Promedio_OBS_Dinamico";"Calendario";"";"Number";"
VAR Hoy = TODAY()
VAR AnioCerrado = YEAR(Hoy) - 1
VAR AnioContexto = SELECTEDVALUE('Calendario'[Año], AnioCerrado)

-- 1. Calculamos la suma total de TODO el año seleccionado (ignorando el mes de la fila)
VAR SumaTotalAnual = 
    CALCULATE(
        COUNT(OBSERVADOS[HCENTRIAGE]),
        'Calendario'[Año] = AnioContexto,
        REMOVEFILTERS('Calendario'[Mes]) -- Limpia cualquier jerarquía de mes
    )

-- 2. Contamos cuántos meses tienen datos en ese año (hasta hoy)
VAR CantidadMeses = 
    CALCULATE(
        DISTINCTCOUNT('Calendario'[Mes]),
        'Calendario'[Año] = AnioContexto,
        'Calendario'[Date] <= Hoy,
        REMOVEFILTERS('Calendario'[Mes]),
        NOT ISBLANK(OBSERVADOS[HCENTRIAGE]) -- Solo cuenta meses que realmente tuvieron actividad
    )

-- 3. Resultado final: Suma de todo el año / Número de meses
RETURN
    IF(
        CantidadMeses > 0, 
        DIVIDE(SumaTotalAnual, CantidadMeses), 
        BLANK()
    )";"";False;"Valid";;False;"";"";"";"""0""";"02397365-95a8-4363-b4a5-4e86cc8a868e"
892066;"TOTAL_OBS";"Calendario";"";"Integer";"
VAR Hoy = TODAY()
VAR AnioCerrado = YEAR(Hoy) - 1 -- 2025

-- 1. Capturamos el año del segmentador. 
-- Si no hay nada seleccionado, usamos el año cerrado.
VAR AnioA_Calcular = SELECTEDVALUE('Calendario'[Año], AnioCerrado)

-- 2. Calculamos el total
RETURN
CALCULATE(
    DISTINCTCOUNT(OBSERVADOS[HCENTRIAGE]),
    -- Removemos filtros de toda la tabla calendario para evitar conflictos 
    -- con el mes o día actual, pero RE-APLICAMOS el año que capturamos arriba.
    REMOVEFILTERS('Calendario'),
    'Calendario'[Año] = AnioA_Calcular
)";"";False;"Valid";;False;"";"";"";"";"5a5e23b1-3b8c-4e18-b792-a4cd95971ac8"
893438;"PROM_CONSULTAS";"Calendario";"";"Number";"
DIVIDE(
    CALCULATE(
        COUNT(CONSULTA_URGENCIAS[DOCUMENTO]),
        YEAR(CONSULTA_URGENCIAS[FECHA_FOLIO])=YEAR(TODAY())
    ),
    MONTH(TODAY())
)";"";False;"Valid";;False;"";"";"";"""0""";"35e14956-eb9f-461d-aad8-c9b1220a3739"
1080560;"TOTAL_CIRUGIAS";"Calendario";"";"Integer";"COUNT(CIRUGIAS[CEDULA])";"";False;"Valid";;False;"";"";"";"""0""";"541056ac-9a4b-45d2-94ea-435000bd15f1"
1331461;"QX2025";"Calendario";"";"Integer";"CALCULATE(COUNT(CIRUGIAS[CUPS]),Calendario[Año]=2025)";"";False;"Valid";;False;"";"";"";"""0""";"7cbdfdb5-a0f7-45a5-b16c-949297bca8cc"
1332723;"QX2024";"Calendario";"";"Integer";"CALCULATE(
    SUM(CIRUGIAS_ARC[CIRUGIAS]),
    CIRUGIAS_ARC[AÑO]=2024)";"";False;"Valid";;False;"";"";"";"""0""";"bf732f3e-dfdd-4b2e-8236-75155aa53705"
1336530;"-- Total de cirugías históricas (años anteriores)Total_Cirugias_Arc";"Calendario";"";"Integer";"
SUM ( CIRUGIAS_ARC[CIRUGIAS] )
";"";False;"Valid";;False;"";"";"";"""0""";"47e33922-4d20-4228-bd71-980c2b8fda6b"
1338422;"Total_Cirugias_Actual";"Calendario";"";"Integer";"
COUNTROWS ( Cirugias )
";"";False;"Valid";;False;"";"";"";"""0""";"7ba8f002-ee3f-482d-822c-c09c5b1daf90"
1340944;"Proyeccion_Mensual";"Calendario";"";"Number";"
VAR AnnoActual = MAX ( Calendario[Año] )
VAR MesActual  = MAX ( Calendario[Mes] )

-- Cirugías del mismo mes del año anterior (solo en tabla histórica)
VAR CirAnt =
    CALCULATE (
        [Total_Cirugias_ant],
        REMOVEFILTERS ( Calendario ),
        Calendario[Año] = AnnoActual - 1,
        Calendario[Mes] = MesActual
    )

-- Cirugías del mismo mes dos años atrás (solo en tabla histórica)
VAR CirAntAnt =
    CALCULATE (
        [Total_Cirugias_ant],
        REMOVEFILTERS ( Calendario ),
        Calendario[Año] = AnnoActual - 2,
        Calendario[Mes] = MesActual
    )

-- % de crecimiento interanual
VAR Crec = DIVIDE ( CirAnt - CirAntAnt, CirAntAnt )

-- Valor proyectado
VAR Proy = IF (
    NOT ISBLANK ( CirAnt ) && NOT ISBLANK ( CirAntAnt ),
    CirAnt * ( 1 + Crec )
)

-- Segmentador Sí / No
VAR Mostrar = SELECTEDVALUE ( MostrarProyeccion[Opcion], ""NO"" )

RETURN
IF ( Mostrar = ""SI"", Proy )
";"";False;"Valid";;False;"";"";"";"";"a1166c8c-f49b-4c23-9f8b-567d6a35708b"
1343468;"Total_Cirugias_ant";"Calendario";"";"Integer";"
SUM ( CIRUGIAS_ARC[CIRUGIAS] )";"";False;"Valid";;False;"";"";"";"""0""";"ddcdd180-7fc4-43bf-8ea3-b9a4f3c3053f"
1501939;"PROM_SIN_TRIAGE";"Calendario";"";"Number";"
DIVIDE(
    CALCULATE(
        COUNT('CONSULTAS SIN TRIAGE'[AINCONSEC]),
        YEAR('CONSULTAS SIN TRIAGE'[FECHA])=YEAR(TODAY())
    ),
    MONTH(TODAY())
)";"";False;"Valid";;False;"";"";"";"""0""";"35bcee31-17af-4a07-9214-47a5b76b3410"
1506551;"%SIN_TR";"Calendario";"";"Number";"
DIVIDE(
    CALCULATE(COUNT('CONSULTAS SIN TRIAGE'[AINCONSEC]),'CONSULTAS SIN TRIAGE'[CLASIFICACION_TRIAGE]=""SIN TRIAGE"")
    ,COUNT('CONSULTAS SIN TRIAGE'[AINCONSEC]))";"";False;"Valid";;False;"";"";"";"""0.00\ %;-0.00\ %;0.00\ %""";"dc3b06d5-06ed-4421-840b-2af70384218d"
1636251;"Proyeccion_Egresos_Mensual_Visible";"Calendario";"";"Number";"
VAR AnnoActual = MAX ( Calendario[Año] )
VAR MesActual  = MAX ( Calendario[Mes] )

-- Detecta el servicio filtrado aunque no venga de un slicer
VAR ServicioSeleccionado =
    MAXX (
        VALUES ( EGRESOS_POR_SERVICIO[Servicio] ),
        EGRESOS_POR_SERVICIO[Servicio]
    )

-- Egresos año anterior
VAR EgrAnt =
    CALCULATE (
        SWITCH (
            TRUE(),
            ServicioSeleccionado IN {""URGENCIAS"",""URGENCIAS EXP"",""URGENCIAS SALA AZUL""},
                SUM ( EGRESOS_URGENCIAS[EGRESOS URGENCIAS] ),
            ServicioSeleccionado IN {""OBSTETRICIA CRITICA"",""OBST - CRITICA"",""OBSTETRICIA"",""OBSTETRICIA CRIT"",""OBSTETRICIA CRITICO""},
                SUM ( EGRESOS_GINECO[EGRESOS GINECO] ),
            ServicioSeleccionado IN {""CUARTO PISO NORTE"",""CUARTO PISO SUR"",""QUINTO PISO NORTE"",""QUINTO PISO SUR"",""SEGUNDO PISO SUR"",""SEXTO PISO"",""TERCER PISO NORTE""},
                SUM ( EGRESOS[EGRESOS] ),
            ServicioSeleccionado IN {""HOSPITALIZACION NEONATOS""},
                SUM ( EGRESOS_NEONATOS[EGRESOS NEONATOS] ),
            ServicioSeleccionado IN {""UNIDAD DE CUIDADO INTENSIVO"",""UNIDAD DE CUIDADO CRITICO"",""UCI NORTE"",""CUIDADO INTERMEDIO NORTE"",""CUIDADO ESPECIAL"",""CUIDADO INTERMEDIO SUR""},
                SUM ( EGRESOS_UCI[EGRESOS UCI] ),
            -- Si no hay filtro activo, suma todas
                SUM ( EGRESOS_URGENCIAS[EGRESOS URGENCIAS] )
                + SUM ( EGRESOS_GINECO[EGRESOS GINECO] )
                + SUM ( EGRESOS[EGRESOS] )
                + SUM ( EGRESOS_NEONATOS[EGRESOS NEONATOS] )
                + SUM ( EGRESOS_UCI[EGRESOS UCI] )
        ),
        REMOVEFILTERS ( Calendario ),
        Calendario[Año] = AnnoActual - 1,
        Calendario[Mes] = MesActual
    )

-- Egresos dos años atrás
VAR EgrAntAnt =
    CALCULATE (
        SWITCH (
            TRUE(),
            ServicioSeleccionado IN {""URGENCIAS"",""URGENCIAS EXP"",""URGENCIAS SALA AZUL""},
                SUM ( EGRESOS_URGENCIAS[EGRESOS URGENCIAS] ),
            ServicioSeleccionado IN {""OBSTETRICIA CRITICA"",""OBST - CRITICA"",""OBSTETRICIA"",""OBSTETRICIA CRIT"",""OBSTETRICIA CRITICO""},
                SUM ( EGRESOS_GINECO[EGRESOS GINECO] ),
            ServicioSeleccionado IN {""CUARTO PISO NORTE"",""CUARTO PISO SUR"",""QUINTO PISO NORTE"",""QUINTO PISO SUR"",""SEGUNDO PISO SUR"",""SEXTO PISO"",""TERCER PISO NORTE""},
                SUM ( EGRESOS[EGRESOS] ),
            ServicioSeleccionado IN {""HOSPITALIZACION NEONATOS""},
                SUM ( EGRESOS_NEONATOS[EGRESOS NEONATOS] ),
            ServicioSeleccionado IN {""UNIDAD DE CUIDADO INTENSIVO"",""UNIDAD DE CUIDADO CRITICO"",""UCI NORTE"",""CUIDADO INTERMEDIO NORTE"",""CUIDADO ESPECIAL"",""CUIDADO INTERMEDIO SUR""},
                SUM ( EGRESOS_UCI[EGRESOS UCI] ),
            -- Si no hay filtro activo, suma todas
                SUM ( EGRESOS_URGENCIAS[EGRESOS URGENCIAS] )
                + SUM ( EGRESOS_GINECO[EGRESOS GINECO] )
                + SUM ( EGRESOS[EGRESOS] )
                + SUM ( EGRESOS_NEONATOS[EGRESOS NEONATOS] )
                + SUM ( EGRESOS_UCI[EGRESOS UCI] )
        ),
        REMOVEFILTERS ( Calendario ),
        Calendario[Año] = AnnoActual - 2,
        Calendario[Mes] = MesActual
    )

-- Crecimiento interanual
VAR Crec = DIVIDE ( EgrAnt - EgrAntAnt, EgrAntAnt )

-- Proyección
VAR Proy =
    IF (
        NOT ISBLANK ( EgrAnt ) && NOT ISBLANK ( EgrAntAnt ),
        EgrAnt * ( 1 + Crec )
    )

-- Control con tabla MostrarProyeccion
VAR Mostrar = SELECTEDVALUE ( MostrarProyeccion[Opcion], ""NO"" )

RETURN
IF ( Mostrar = ""SI"", Proy )
";"";False;"Valid";;False;"";"";"";"""0""";"ec409e21-787e-4dbf-9d6d-f3d5b00a34b4"
1906953;"PROM_CONSULTAS_AMB";"Calendario";"";"Number";"COUNT(CONSULTAS_AMBULATORIAS[IDENTIFICACION])/MONTH(TODAY())";"";False;"Valid";;False;"";"";"";"""0""";"1f9b0961-0351-466c-859f-ceaf1c3cffd8"
2041536;"PROM_CIRUGÍAS";"Calendario";"";"Number";"COUNT(CIRUGIAS[INGRESO])/MONTH(TODAY())";"";False;"Valid";;False;"";"";"";"""0""";"bfc32a37-af8e-4be7-b016-60246c0a5bb5"
2255065;"Total Consultas";"Calendario";"";"Integer";"COUNT(CONSULTAS_AMBULATORIAS[IDENTIFICACION])";"";False;"Valid";;False;"";"";"";"""0""";"d1aa1882-a39a-43c1-8c1e-35cc5ccfd366"
2291389;"Consultas Año Anterior";"Calendario";"";"Integer";"
CALCULATE(
    [Total Consultas], 
    SAMEPERIODLASTYEAR(
        DATESBETWEEN(
            'Calendario'[Date],
            MIN('Calendario'[Date]),
            MAX('Calendario'[Date])
        )
    )
)";"";False;"Valid";;False;"";"";"";"""0""";"daafdb25-0033-4e44-80c9-3e4c593863d0"
2292819;"Promedio Mensual Año Pasado";"Calendario";"";"Number";"
VAR AnioPasado = YEAR(TODAY()) - 1

-- 1. Calculamos el total de consultas de todo ese año
VAR TotalConsultasAnio = 
    CALCULATE(
        [Total Consultas],
        ALL('Calendario'), -- Limpiamos filtros para ver el año completo
        'Calendario'[Año] = AnioPasado
    )

-- 2. Contamos cuántos meses hubo en ese año (normalmente 12)
VAR ConteoMeses = 
    CALCULATE(
        DISTINCTCOUNT('Calendario'[Mes]),
        ALL('Calendario'),
        'Calendario'[Año] = AnioPasado
    )

-- 3. Dividimos
RETURN
DIVIDE(TotalConsultasAnio, ConteoMeses, 0)";"";False;"Valid";;False;"";"";"";"""0""";"fd5107bb-c403-461b-91bf-c1f5a082ff35"
2448356;"Proyeccion_Amb";"Calendario";"";"Number";"
-- 0. Capturamos la decisión del usuario (SI/NO)
VAR MostrarFiltro = SELECTEDVALUE(MostrarProyeccion[Opcion], ""NO"")

-- 1. Identificamos qué año estamos viendo en el reporte
-- Si no hay filtro, tomamos el año actual del sistema
VAR AnnoSeleccionado = 
    IF(
        ISFILTERED('Calendario'[Año]), 
        SELECTEDVALUE('Calendario'[Año]), 
        YEAR(TODAY())
    )

-- Capturamos el mes del contexto visual (filas o columnas)
VAR MesContexto = SELECTEDVALUE('Calendario'[Mes])

-- 2. Calculamos el valor del año anterior (respecto al seleccionado o actual)
-- Usamos REMOVEFILTERS o ALL para poder ""saltar"" fuera del año filtrado y buscar el anterior
VAR AnnoAnterior = 
    CALCULATE(
        COUNT(CONSULTAS_AMBULATORIAS[IDENTIFICACION]),
        CONSULTAS_AMBULATORIAS[ESTADO_CITA] = ""CUMPLIDA"",
        CONSULTAS_AMBULATORIAS[ESPECIALIDAD] <> ""GASTROENTEROLOGIA_QUITAR"",
        'Calendario'[Año] = AnnoSeleccionado - 1,
        'Calendario'[Mes] = MesContexto,
        REMOVEFILTERS('Calendario'[Año]) -- Permite buscar el año - 1 aunque el filtro diga ""2024""
    )

-- 3. Calculamos el valor de hace dos años
VAR AnnTrasAnterior = 
    CALCULATE(
        [total_amb], 
        'Calendario'[Año] = AnnoSeleccionado - 2,
        'Calendario'[Mes] = MesContexto,
        REMOVEFILTERS('Calendario'[Año])
    )

-- 4. Cálculo de Proyección
VAR VariacionPorcentual = DIVIDE((AnnoAnterior - AnnTrasAnterior), AnnTrasAnterior, 0)
VAR Resultado = AnnoAnterior * (1 + VariacionPorcentual)

---
RETURN
    IF(
        MostrarFiltro = ""SI"" && NOT(ISBLANK(AnnoAnterior)), 
        Resultado, 
        BLANK()
    )";"";False;"Valid";;False;"";"";"";"""0""";"d41b18cd-bf3e-43bc-9672-81d032f2ece4"
2449786;"total_amb";"Calendario";"";"Integer";"SUM(CONSULTA_AMBULATORIAS[ATENCIONES AMBULATORIAS])";"";False;"Valid";;False;"";"";"";"""0""";"1502a604-d3b2-4b8e-9406-d0f0db616352"
2621659;"Promedio_Triages_Dinamico";"Calendario";"";"Number";"
VAR Hoy = TODAY()
VAR AnioCerrado = YEAR(Hoy) - 1  -- En 2026, esto devolverá 2025

-- Si el usuario filtra un año, tomamos ese. Si no, tomamos el año cerrado (2025).
VAR AnioContexto = SELECTEDVALUE('Calendario'[Año], AnioCerrado)

-- Calculamos el promedio mensual para ese año específico
VAR PromedioMensual = 
    CALCULATE(
        AVERAGEX(
            VALUES('Calendario'[Mes]), 
            [total_triage]
        ),
        'Calendario'[Año] = AnioContexto
    )

RETURN 
    PromedioMensual";"";False;"Valid";;False;"";"";"";"""0""";"f8fab2f4-13c4-4f04-9580-279aab8ba811"
2626662;"Promedio_Triages_Diario_Dinamico";"Calendario";"";"Number";"
VAR Hoy = TODAY()
VAR AnioCerrado = YEAR(Hoy) - 1

-- 1. Determinamos el año objetivo
VAR AnioSeleccionado = SELECTEDVALUE('Calendario'[Año])
VAR AnioAFiltar = IF( ISFILTERED('Calendario'[Año]), AnioSeleccionado, AnioCerrado )

-- 2. Evaluamos el contexto para aplicar el cálculo
RETURN
IF(
    ISFILTERED('Calendario'[Mes]),
    -- SI HAY MES: Calculamos el promedio diario respetando el filtro del mes y año actual
    AVERAGEX(
        VALUES('Calendario'[Date]),
        [total_triage]
    ),
    -- SI NO HAY MES: Forzamos el año (seleccionado o 2025) y promediamos sus días
    CALCULATE(
        AVERAGEX(
            VALUES('Calendario'[Date]),
            [total_triage]
        ),
        'Calendario'[Año] = AnioAFiltar,
        ALL('Calendario'[Mes]) -- Limpiamos filtros de mes para asegurar que promedia el año completo
    )
)";"";False;"Valid";;False;"";"";"";"""0""";"98325c80-925b-455c-9609-299683aeb941"
2629527;"Total_Triages_Dinamico";"Calendario";"";"Integer";"
VAR Hoy = TODAY()
VAR AnioCerrado = YEAR(Hoy) - 1 -- 2025

-- 1. Capturamos el año del segmentador. 
-- Si no hay nada seleccionado, usamos el año cerrado.
VAR AnioA_Calcular = SELECTEDVALUE('Calendario'[Año], AnioCerrado)

-- 2. Calculamos el total
RETURN
CALCULATE(
    [total_triage],
    -- Removemos filtros de toda la tabla calendario para evitar conflictos 
    -- con el mes o día actual, pero RE-APLICAMOS el año que capturamos arriba.
    REMOVEFILTERS('Calendario'),
    'Calendario'[Año] = AnioA_Calcular
)";"";False;"Valid";;False;"";"";"";"""0""";"5c53a820-f417-4216-a9de-8abfd77a2acd"
2642422;"Proyeccion_Ambul";"Calendario";"";"Number";"
-- Capturamos el mes y año que se está visualizando en el reporte
VAR MesContexto = SELECTEDVALUE('Calendario'[Mes]) -- Asegúrate que sea el número del mes (1-12)
VAR AnnoContexto = SELECTEDVALUE('Calendario'[Año])

-- 1. Calculamos el valor del año pasado (mismo mes)
VAR AnnoAnterior = 
    CALCULATE(
        CALCULATE(COUNT(CONSULTAS_AMBULATORIAS[IDENTIFICACION]),CONSULTAS_AMBULATORIAS[ESTADO_CITA]=""CUMPLIDA"",CONSULTAS_AMBULATORIAS[ESPECIALIDAD]<>""GASTROENTEROLOGIA_QUITAR""), 
        Calendario[Año] = AnnoContexto - 1,
        Calendario[Mes]= MesContexto,
        ALL('Calendario') -- Limpiamos filtros para buscar el año pasado
    )

-- 2. Calculamos el valor de hace dos años (mismo mes)
VAR AnnTrasAnterior = 
    CALCULATE(
        [total_amb], 
        Calendario[Año] = AnnoContexto - 2,
        Calendario[Mes]= MesContexto,
        ALL('Calendario')
    )

-- 3. Variación y Resultado
VAR VariacionPorcentual = DIVIDE((AnnoAnterior - AnnTrasAnterior), AnnTrasAnterior,0)
VAR Resultado = AnnoAnterior * (1 + VariacionPorcentual)

RETURN
    IF(ISBLANK(AnnoAnterior), BLANK(), Resultado)";"";False;"Valid";;False;"";"";"";"""0.00""";"d5e478c3-95b1-45f8-b8cf-1bc4295b71d2"
2838964;"Total_Consultas_Ambulatorias_Dinamico";"Calendario";"";"Integer";"
VAR Hoy = TODAY()
VAR AnioCerrado = YEAR(Hoy) - 1

-- 1. Determinamos si el usuario ha filtrado el año. 
-- Si no, usamos el año cerrado por defecto.
VAR AnioA_Calcular = SELECTEDVALUE('Calendario'[Año], AnioCerrado)

-- 2. Calculamos el total permitiendo que los meses fluyan
RETURN
CALCULATE(
    [Total Consultas],
    -- Mantenemos los filtros de Mes, pero forzamos el Año
    KEEPFILTERS('Calendario'[Mes]), 
    'Calendario'[Año] = AnioA_Calcular,
    -- Eliminamos filtros solo del Año para que no choque con AnioA_Calcular
    ALL('Calendario'[Año])
)";"";False;"Valid";;False;"";"";"";"""0""";"f4072fec-be5b-4272-b828-5c2061509c75"
2840423;"Promedio_Consultas_ambulatorias_Dinamico";"Calendario";"";"Number";"
VAR Hoy = TODAY()
VAR AnioCerrado = YEAR(Hoy) - 1  -- En 2026, esto devolverá 2025

-- Si el usuario filtra un año, tomamos ese. Si no, tomamos el año cerrado (2025).
VAR AnioContexto = SELECTEDVALUE('Calendario'[Año], AnioCerrado)

-- Calculamos el promedio mensual para ese año específico
VAR PromedioMensual = 
    CALCULATE(
        AVERAGEX(
            VALUES('Calendario'[Mes]), 
            [Total Consultas]
        ),
        'Calendario'[Año] = AnioContexto
    )

RETURN 
    PromedioMensual";"";False;"Valid";;False;"";"";"";"""0""";"9e0c961f-986c-422f-8518-ef9848e3b09a"
2842611;"Promedio_Consultas_Diario_Dinamico";"Calendario";"";"Number";"
VAR Hoy = TODAY()
VAR AnioCerrado = YEAR(Hoy) - 1

-- 1. Determinamos el año objetivo
VAR AnioSeleccionado = SELECTEDVALUE('Calendario'[Año])
VAR AnioAFiltar = IF( ISFILTERED('Calendario'[Año]), AnioSeleccionado, AnioCerrado )

-- 2. Evaluamos el contexto para aplicar el cálculo
RETURN
IF(
    ISFILTERED('Calendario'[Mes]),
    -- SI HAY MES: Calculamos el promedio diario respetando el filtro del mes y año actual
    AVERAGEX(
        VALUES('Calendario'[Date]),
        [Total Consultas]
    ),
    -- SI NO HAY MES: Forzamos el año (seleccionado o 2025) y promediamos sus días
    CALCULATE(
        AVERAGEX(
            VALUES('Calendario'[Date]),
            [Total Consultas]
        ),
        'Calendario'[Año] = AnioAFiltar,
        ALL('Calendario'[Mes]) -- Limpiamos filtros de mes para asegurar que promedia el año completo
    )
)";"";False;"Valid";;False;"";"";"";"";"364222a3-1b88-48d7-b42d-440e4a7be7cd"
2927156;"Promedio_OBS_Diario_Dinamico";"Calendario";"";"Number";"
VAR Hoy = TODAY()
VAR AnioCerrado = YEAR(Hoy) - 1

-- 1. Determinamos el año objetivo
VAR AnioSeleccionado = SELECTEDVALUE('Calendario'[Año])
VAR AnioAFiltar = IF( ISFILTERED('Calendario'[Año]), AnioSeleccionado, AnioCerrado )

-- 2. Evaluamos el contexto para aplicar el cálculo
RETURN
IF(
    ISFILTERED('Calendario'[Mes]),
    -- SI HAY MES: Promedio diario del mes
    AVERAGEX(
        KEEPFILTERS(VALUES('Calendario'[Date])), -- KEEPFILTERS asegura que el promedio sea por día
        CALCULATE(COUNT(OBSERVADOS[HCENTRIAGE]))
    ),
    -- SI NO HAY MES: Promedio diario del año
    CALCULATE(
        AVERAGEX(
            KEEPFILTERS(VALUES('Calendario'[Date])),
            CALCULATE(COUNT(OBSERVADOS[HCENTRIAGE]))
        ),
        'Calendario'[Año] = AnioAFiltar,
        ALL('Calendario'[Mes])
    )
)";"";False;"Valid";;False;"";"";"";"""0""";"476a45bf-7f05-4869-92c1-bb0cc17f8ccf"
4243898;"PROYECCION_CIRUGIAS";"Calendario";"";"Number";"
-- 1. Capturamos el año como NÚMERO
VAR AnnoFiltro = SELECTEDVALUE ( Calendario[Año] )
VAR Mostrar = SELECTEDVALUE ( MostrarProyeccion[Opcion], ""NO"" )

-- 2. Solo ejecutamos si el usuario seleccionó ""SI""
RETURN
IF ( Mostrar = ""SI"",
    SUMX (
        VALUES ( Calendario[Mes] ),
        VAR MesActual = Calendario[Mes]
        
        -- Conteo Año Anterior (n-1)
        VAR CedulasAnterior =
            CALCULATE (
                COUNT ( Cirugias[Cedula] ),
                REMOVEFILTERS ( Calendario[Año], Calendario[Mes] ),
                Calendario[Año] = AnnoFiltro - 1,
                Calendario[Mes] = MesActual
            )

        -- Conteo Hace Dos Años (n-2)
        VAR CedulasTrasAnterior =
            CALCULATE (
                COUNT ( Cirugias[Cedula] ),
                REMOVEFILTERS ( Calendario[Año], Calendario[Mes] ),
                Calendario[Año] = AnnoFiltro - 2,
                Calendario[Mes] = MesActual
            )

        -- Cálculo de crecimiento y proyección
        VAR Crecimiento = DIVIDE ( CedulasAnterior - CedulasTrasAnterior, CedulasTrasAnterior )
        
        RETURN 
            IF ( NOT ISBLANK ( CedulasAnterior ) && CedulasTrasAnterior > 0, 
                CedulasAnterior * ( 1 + Crecimiento ) 
            )
    )
)";"";False;"Valid";;False;"";"";"";"";"e89f0910-b169-432f-9ded-2b6c5e79e77a"
7034045;"TOTAL_LABORATORIO";"Calendario";"";"Integer";"
COUNT(LABORATORIOS[CUPS])";"";False;"Valid";;False;"";"";"";"""0""";"8a9b19ae-1594-4b3c-b717-7e570a380e0c"
8341406;"Total_Consultas_urgencias_Dinamico";"Calendario";"";"Integer";"
VAR Hoy = TODAY()
VAR AnioCerrado = YEAR(Hoy) - 1

-- 1. Determinamos si el usuario ha filtrado el año. 
-- Si no, usamos el año cerrado por defecto.
VAR AnioA_Calcular = SELECTEDVALUE('Calendario'[Año], AnioCerrado)

-- 2. Calculamos el total permitiendo que los meses fluyan
RETURN
CALCULATE(
    [Total_consultas_urgencias],
    -- Mantenemos los filtros de Mes, pero forzamos el Año
    KEEPFILTERS('Calendario'[Mes]), 
    'Calendario'[Año] = AnioA_Calcular,
    -- Eliminamos filtros solo del Año para que no choque con AnioA_Calcular
    ALL('Calendario'[Año])
)";"";False;"Valid";;False;"";"";"";"""0""";"6cbb8072-e5f8-40d8-bb20-b7840dd409d7"
8343172;"Total_consultas_urgencias";"Calendario";"";"Integer";"COUNT(CONSULTA_URGENCIAS[DOCUMENTO])";"";False;"Valid";;False;"";"";"";"""0""";"8fdeb1e4-debf-4d15-8221-47f73bd75d14"
7032332;"Promedio_Laboratorio_Dinamico";"LABORATORIOS";"";"Number";"
VAR Hoy = TODAY()
VAR AnioCerrado = YEAR(Hoy) - 1  -- En 2026, esto devolverá 2025

-- Si el usuario filtra un año, tomamos ese. Si no, tomamos el año cerrado (2025).
VAR AnioContexto = SELECTEDVALUE('Calendario'[Año], AnioCerrado)

-- Calculamos el promedio mensual para ese año específico
VAR PromedioMensual = 
    CALCULATE(
        AVERAGEX(
            VALUES('Calendario'[Mes]), 
            [TOTAL_LABORATORIO]
        ),
        'Calendario'[Año] = AnioContexto
    )

RETURN 
    PromedioMensual";"";False;"Valid";;False;"";"";"";"""0""";"9bb67b4d-2b2c-4d04-b5ed-c59583704fe1"
7038318;"TOTAL_MUESTRAS";"LABORATORIOS";"";"Integer";"
VAR MaxYearModelo =
    CALCULATE ( MAX ( Calendario[Año] ), ALL ( Calendario ) )

VAR TotalAniosModelo =
    CALCULATE ( DISTINCTCOUNT ( Calendario[Año] ), ALL ( Calendario ) )

VAR AniosSel =
    FILTER ( VALUES ( Calendario[Año] ), NOT ISBLANK ( Calendario[Año] ) )

VAR HayFiltroAnioReal =
    COUNTROWS ( AniosSel ) < TotalAniosModelo

RETURN
IF (
    NOT HayFiltroAnioReal,
    -- Default: año anterior (RESPETA Mes y demás filtros)
    CALCULATE (
        COUNTROWS ( LABORATORIOS ),
        REMOVEFILTERS ( Calendario[Año] ),
        Calendario[Año] = MaxYearModelo - 1
    ),
    -- Si hay 1 o varios años seleccionados: suma por año (RESPETA Mes)
    SUMX (
        AniosSel,
        VAR AnioActual = Calendario[Año]
        RETURN
            CALCULATE (
                COUNTROWS ( LABORATORIOS ),
                KEEPFILTERS ( Calendario[Año] = AnioActual )
            )
    )
)

";"";False;"Valid";;False;"";"";"";"""0""";"cbc87b45-a5d7-4c46-a9ac-4401fec297ec"
559882;"PROM_ESTANCIA";"PROMEDIO_ESTANCIA";"";"Number";"SUM(PROMEDIO_ESTANCIA[DIAS_HOSPI])/COUNT(PROMEDIO_ESTANCIA[ADNEGRESO])";"";False;"Valid";;False;"";"";"";"";"64b667c6-13cf-4b15-a0ad-363a28ef751b"
565059;"GIRO_CAMA";"PROMEDIO_ESTANCIA";"";"Number";"DISTINCTCOUNT(PROMEDIO_ESTANCIA[adningreso])/DISTINCTCOUNT(CAMAS[HCACODIGO])";"";False;"Valid";;False;"";"";"";"";"959d0185-0f5e-44d1-ad00-10884f0ffdd3"
745242;"EGRESOS_2024";"PROMEDIO_ESTANCIA";"";"Integer";"
CALCULATE(
    COUNT(PROMEDIO_ESTANCIA[adningreso]),
    YEAR(PROMEDIO_ESTANCIA[FECHA]) = 2024
    )";"";False;"Valid";;False;"";"";"";"""0""";"010bfb8d-a4e5-4697-bcbd-da579cb09322"
768581;"EGRESOS_2025";"PROMEDIO_ESTANCIA";"";"Integer";"
CALCULATE(
    COUNT(PROMEDIO_ESTANCIA[adningreso]),
    YEAR(PROMEDIO_ESTANCIA[FECHA]) = 2025
    )";"";False;"Valid";;False;"";"";"";"""0""";"8bb01fe9-29ae-4209-b9c3-a674b95bc288"
605549;"RELACIÓN";"PARTOS_DRIVE";"";"Number";"SUM(PARTOS_DRIVE[VAGINALES])/SUM(PARTOS_DRIVE[CESÁREAS])";"";False;"Valid";;False;"";"";"";"";"2085534f-cf00-449f-8fb3-8a75f080c502"
1076906;"PARTOS_AP";"PARTOS_DRIVE";"";"Integer";"
CALCULATE(
    COUNT(PARTOS_DRIVE[Documento]),
    YEAR(PARTOS_DRIVE[FECHA_REAL]) = YEAR(TODAY())-1
    )
";"";False;"Valid";;False;"";"";"";"""0""";"c9a9436e-eb23-4f4a-9628-bf73fce91dd9"
1077636;"PARTOS_AA";"PARTOS_DRIVE";"";"Integer";"
CALCULATE(
    COUNT(PARTOS_DRIVE[Documento]),
    YEAR(PARTOS_DRIVE[FECHA_REAL]) = YEAR(TODAY())
    )
";"";False;"Valid";;False;"";"";"";"""0""";"1004fafa-8c46-4efd-86a6-5d0d600a34bb"
4459441;"Total Partos Dinámico";"PARTOS_DRIVE";"";"Integer";"
VAR AnioSeleccionado = SELECTEDVALUE('Calendario'[Año])
VAR UltimoAnioCerrado = 2025

RETURN
IF (
    -- Si NO hay un filtro específico de Año en el segmentador
    NOT(ISFILTERED('Calendario'[Año])),
    
    -- Entonces forzamos el 2025 (Limpiando cualquier otro filtro previo)
    CALCULATE(
        COUNTROWS('PARTOS_DRIVE'),
        'Calendario'[Año] = UltimoAnioCerrado
    ),
    
    -- Si el usuario SÍ seleccionó algo, respetamos esa selección 
    -- y eliminamos el bloqueo del ""2025""
    CALCULATE(
        COUNTROWS('PARTOS_DRIVE'),
        KEEPFILTERS('Calendario'[Año] = AnioSeleccionado)
    )
)";"";False;"Valid";;False;"";"";"";"""0""";"fb66456f-e405-48e3-ac56-141b7eb8ebc1"
4462708;"Promedio_Partos_Dinamico";"PARTOS_DRIVE";"";"Number";"
VAR AnioCerrado = YEAR(TODAY())-1
VAR AnioSeleccionado = SELECTEDVALUE('Calendario'[Año])
VAR AnioAUsar = COALESCE(AnioSeleccionado, AnioCerrado)

RETURN
CALCULATE(
    AVERAGEX(
        -- Obligamos a considerar los meses del año elegido
        DISTINCT('Calendario'[Mes]), 
        -- Aquí está el truco: CALCULATE dentro de AVERAGEX 
        -- fuerza a que cada mes se cuente por separado
        CALCULATE(COUNTROWS('PARTOS_DRIVE'))
    ),
    ALL('Calendario'[Año]),
    'Calendario'[Año] = AnioAUsar
)";"";False;"Valid";;False;"";"";"";"""0""";"de4070da-3888-4e2e-8628-3090d8afe45f"
4469319;"Total_Partos_Dinamico";"PARTOS_DRIVE";"";"Integer";"
VAR Hoy = TODAY()
VAR AnioCerrado = YEAR(Hoy) - 1 -- 2025

-- 1. Capturamos el año del segmentador. 
-- Si no hay nada seleccionado, usamos el año cerrado.
VAR AnioA_Calcular = SELECTEDVALUE('Calendario'[Año], AnioCerrado)

-- 2. Calculamos el total
RETURN
CALCULATE(
    COUNTROWS(PARTOS_DRIVE),
    -- Removemos filtros de toda la tabla calendario para evitar conflictos 
    -- con el mes o día actual, pero RE-APLICAMOS el año que capturamos arriba.
    REMOVEFILTERS('Calendario'),
    'Calendario'[Año] = AnioA_Calcular

    )";"";False;"Valid";;False;"";"";"";"""0""";"911375d7-af2d-4d39-a0fd-4392b1048527"
1330199;"2024";"CIRUGIAS_ARC";"";"Integer";"CALCULATE(
    SUM(CIRUGIAS_ARC[CIRUGIAS]),
    CIRUGIAS_ARC[AÑO]=2024)";"";False;"Valid";;False;"";"";"";"""0""";"0e9b53c7-9769-4a3c-8f86-d44bedf46574"
1390282;"AÑO_ACTUAL";"CONSULTAS PRIORITARIAS";"";"Integer";"CALCULATE(COUNT('CONSULTAS PRIORITARIAS'[IDENTIFICACION]),YEAR('CONSULTAS PRIORITARIAS'[FECHA])=YEAR(TODAY()))";"";False;"Valid";;False;"";"";"";"""0""";"ed1c8766-597e-417c-960b-bbd262282290"
1391573;"PROMEDIO_MENSUAL";"CONSULTAS PRIORITARIAS";"";"Number";"DIVIDE([AÑO_ACTUAL],MONTH(TODAY()))";"";False;"Valid";;False;"";"";"";"""0""";"ea02cfe3-ba03-46d3-8a4d-c47065440837"
1511465;"PROMEDIO_ESTANCIA_SERV";"EGRESOS_POR_SERVICIO";"";"Number";"SUM(EGRESOS_POR_SERVICIO[DIAS])/DISTINCTCOUNT(EGRESOS_POR_SERVICIO[INGRESO])";"";False;"Valid";;False;"";"";"";"""0.00""";"7e53708c-486d-41ea-8c25-6400f691403f"
1514833;"GIRO_CAMA_SERVICIO";"EGRESOS_POR_SERVICIO";"";"Number";"DISTINCTCOUNT(EGRESOS_POR_SERVICIO[INGRESO])/DISTINCTCOUNT(CAMAS[HCACODIGO])";"";False;"Valid";;False;"";"";"";"""0.00""";"edf9facd-cd5a-49e5-b58b-2c8a9e848483"
1516854;"PROMEDIO_ESTANCIA_HORAS";"EGRESOS_POR_SERVICIO";"";"Number";"SUM(EGRESOS_POR_SERVICIO[DIAS])/(COUNT(EGRESOS_POR_SERVICIO[INGRESO]))";"";False;"Valid";;False;"";"";"";"""0.00""";"0b3044f8-8459-4d97-81ed-0258e6d35350"
1648047;"AÑO ANTERIOR";"EGRESOS_POR_SERVICIO";"";"Integer";"
CALCULATE(DISTINCTCOUNT(EGRESOS_POR_SERVICIO[INGRESO]),YEAR(EGRESOS_POR_SERVICIO[FECHA_EGRESO])=YEAR(TODAY())-1)";"";False;"Valid";;False;"";"";"";"""0""";"188dae4b-e93f-4e0d-b732-ea2cc3fe5c15"
1649421;"AÑO ACTUAL";"EGRESOS_POR_SERVICIO";"";"Integer";"
CALCULATE(COUNT(EGRESOS_POR_SERVICIO[INGRESO]),YEAR(EGRESOS_POR_SERVICIO[FECHA_EGRESO])=YEAR(TODAY()))";"";False;"Valid";;False;"";"";"";"""0""";"5232944b-4373-4778-bf3a-3b957d80c56b"
1634191;"VistaSeleccionada";"VistaServicios";"";"Text";"SELECTEDVALUE(VistaServicios[Servicio])
";"";False;"Valid";;False;"";"";"";"";"735ae509-7eaa-4d49-ab78-fce81baafb28"
1771451;"GIRO_CAMA_HB";"CAMAS HABILITADAS";"";"Number";"
DIVIDE(CALCULATE(COUNT(EGRESOS_POR_SERVICIO[INGRESO]),
EGRESOS_POR_SERVICIO[TIPO]=""PUERTA"" && 
EGRESOS_POR_SERVICIO[SERVICIO]IN{""CUARTO PISO NORTE"",""CUARTO PISO SUR"",""QUINTO PISO NORTE"",""QUINTO PISO SUR"",""CUIDADO INTERMEDIO NORTE"",""CUIDADO INTERMEDIO SUR"",""CUIDADO ESPECIAL"",""HOSPITALIZACION NEONATOS"",""OBSTETRICIA"",""OBSTETRICIA CRITICO"",""SALA AZUL 3 PISO"",""SEXTO PISO"",""TERCER PISO NORTE"",""UCI NORTE"",""UNIDAD DE CUIDADO CRITICO"",""UNIDAD DE CUIDADO INTENSIVO"",""URGENCIAS"",""URGENCIAS BOTON AZUL"",""URGENCIAS SALA AZUL"",""SEGUNDO PISO SUR""}),CALCULATE(DISTINCTCOUNT('CAMAS HABILITADAS'[codcama]), SEARCH(""EXP"",'CAMAS HABILITADAS'[codcama],1,0)=0))";"";False;"Valid";;False;"";"";"";"""0.00""";"ffec07e1-c8db-411d-8f87-aec6a2fe74ef"
2334143;"promedio_asignacion";"CONSULTAS_AMBULATORIAS";"";"Number";"AVERAGE(CONSULTAS_AMBULATORIAS[DIAS_REAL])";"";False;"Valid";;False;"";"";"";"";"3c5a2495-9c5f-423e-a3f0-cfbf9aed3920"
2336288;"Promedio_Tiempo_Dinamico";"CONSULTAS_AMBULATORIAS";"";"Number";"
VAR MesSeleccionado = ISFILTERED('Calendario'[Date]) || ISFILTERED('Calendario'[Mes]) -- Detecta si hay filtros activos
VAR UltimaFechaConDatos = CALCULATE(MAX('CONSULTAS_AMBULATORIAS'[FECHA_CITA]), ALL('CONSULTAS_AMBULATORIAS')) -- Busca la última consulta real
VAR UltimoMesCerrado = MONTH(UltimaFechaConDatos)
VAR AnioUltimoMes = YEAR(UltimaFechaConDatos)

RETURN
IF(
    MesSeleccionado,
    [promedio_asignacion], -- Si el usuario filtra, muestra el promedio del filtro
    CALCULATE(
        [promedio_asignacion], 
        MONTH('Calendario'[Date]) = UltimoMesCerrado,
        YEAR('Calendario'[Date]) = AnioUltimoMes
    ) -- Si no hay filtro, muestra el último mes con datos
)";"";False;"Valid";;False;"";"";"";"";"09a40b70-72f2-461b-b55f-e42ac647b640"
2337719;"Promedio_Dinamico";"CONSULTAS_AMBULATORIAS";"";"Number";"
VAR FiltroActivo = ISFILTERED('Calendario'[Date]) || ISFILTERED('Calendario'[Date].[Mes]) && ISFILTERED('Calendario'[Date].[Año])
VAR Hoy = TODAY() 
VAR PrimerDiaMesActual = DATE(YEAR(Hoy), MONTH(Hoy), 1) 
VAR UltimoDiaMesCerrado = PrimerDiaMesActual - 1 
VAR MesCerrado = MONTH(UltimoDiaMesCerrado) 
VAR AnioCerrado = YEAR(UltimoDiaMesCerrado)
RETURN IF( FiltroActivo, [promedio_asignacion], CALCULATE( [promedio_asignacion], MONTH('Calendario'[Date]) = MesCerrado, YEAR('Calendario'[Date]) = AnioCerrado ) )";"";False;"Valid";;False;"";"";"";"";"245bcf90-e465-4879-aeec-873d5846df05"
2453359;"AMB_ANT";"CONSULTAS_AMBULATORIAS";"";"Integer";"
CALCULATE(
    COUNT(CONSULTAS_AMBULATORIAS[IDENTIFICACION]),
    YEAR(CONSULTAS_AMBULATORIAS[FECHA_CITA])=YEAR(TODAY())-1)";"";False;"Valid";;False;"";"";"";"""0""";"3489e280-74cb-4b98-a72b-a608a9529c01"
2454789;"AMB_ACT";"CONSULTAS_AMBULATORIAS";"";"Integer";"
CALCULATE(
    COUNT(CONSULTAS_AMBULATORIAS[IDENTIFICACION]),
    YEAR(CONSULTAS_AMBULATORIAS[FECHA_CITA])=YEAR(TODAY()))";"";False;"Valid";;False;"";"";"";"""0""";"d6242f55-3c96-4e27-bf78-180de7326860"
2831669;"CANT_ATENCIONESUCAR";"UNIDAD_CARDIOVASCULAR";"";"Number";"
VAR MaxYearModelo =
    CALCULATE ( MAX ( Calendario[Año] ), ALL ( Calendario ) )

VAR AnioSeleccionado =
    SELECTEDVALUE ( Calendario[Año] )

VAR AnioAUsar =
    IF ( ISBLANK ( AnioSeleccionado ), MaxYearModelo - 1, AnioSeleccionado )

RETURN
CALCULATE (
    SUM ( UNIDAD_CARDIOVASCULAR[CANTIDAD] ),
    FILTER ( ALL ( Calendario ), Calendario[Año] = AnioAUsar )
)
";"";False;"Valid";;False;"";"";"";"""0""";"ae09c179-b860-4506-918b-11a5a869a73a"
2833129;"PROM_ATENCIONESUCAR";"UNIDAD_CARDIOVASCULAR";"";"Number";"
VAR MaxYearModelo =
    CALCULATE ( MAX ( Calendario[Año] ), ALL ( Calendario ) )

VAR AnioSeleccionado =
    SELECTEDVALUE ( Calendario[Año] )

VAR AnioAUsar =
    IF (
        ISBLANK ( AnioSeleccionado ),
        MaxYearModelo - 1,
        AnioSeleccionado
    )

RETURN
CALCULATE (
    DIVIDE (
        COUNT ( UNIDAD_CARDIOVASCULAR[INGRESO] ),
        12
    ),
    Calendario[Año] = AnioAUsar
)";"";False;"Valid";;False;"";"";"";"""0""";"c4a8b916-f073-4438-9f3d-5a4e253bb3f0"
2834589;"PROM_GENERALUCAR";"UNIDAD_CARDIOVASCULAR";"";"Number";"
    DIVIDE (
        COUNT ( UNIDAD_CARDIOVASCULAR[INGRESO] ),
        12
    )
";"";False;"Valid";;False;"";"";"";"";"57bc1690-95f0-45af-814e-0c97ac97e5dd"
3142802;"ATENCIONES";"UNIDAD_CARDIOVASCULAR";"";"Number";"
SUM('UNIDAD_CARDIOVASCULAR'[CANTIDAD])
";"";False;"Valid";;False;"";"";"";"";"640a7179-2568-4b51-b0a7-4bdd9c67f838"
3144317;"ATE2024";"UNIDAD_CARDIOVASCULAR";"";"Number";"
CALCULATE(
    [ATENCIONES],
    Calendario[Año] = 2024
    )";"";False;"Valid";;False;"";"";"";"";"320e6600-b44a-4734-870d-ff0273f1e086"
3147347;"ATE2025";"UNIDAD_CARDIOVASCULAR";"";"Number";"
CALCULATE(
    [ATENCIONES],
    Calendario[Año] = 2025
    )";"";False;"Valid";;False;"";"";"";"";"6408d750-285b-4dc8-ad44-ce39ca3caaa6"
3148863;"ATE2026";"UNIDAD_CARDIOVASCULAR";"";"Number";"
CALCULATE(
    [ATENCIONES],
    Calendario[Año] = 2026
    )";"";False;"Valid";;False;"";"";"";"";"b7f5cd5a-df3e-4d07-9382-ed16d106fde2"
3150379;"PROYECCION_ATEN";"UNIDAD_CARDIOVASCULAR";"";"Number";"

VAR AnnoActual = MAX ( Calendario[Año] )
VAR MesActual  = MAX ( Calendario[Mes] )

-- Atenciones del mismo mes del año anterior (si AnnoActual=2026 => toma 2025)
VAR Ate2024 =
    CALCULATE (
        [ATE2025],
        REMOVEFILTERS ( Calendario ),
        Calendario[Año] = AnnoActual - 1,
        Calendario[Mes] = MesActual
    )

-- Atenciones del mismo mes pero dos años atrás (si AnnoActual=2026 => toma 2024)
VAR Ate2025 =
    CALCULATE (
        [ATE2024],
        REMOVEFILTERS ( Calendario ),
        Calendario[Año] = AnnoActual - 2,
        Calendario[Mes] = MesActual
    )

-- % crecimiento del mes (2025 vs 2024)
VAR Crec =
    DIVIDE ( Ate2024 - Ate2025, Ate2025 )

-- Valor proyectado
VAR Proy =
    IF (
        NOT ISBLANK ( Ate2024 )
            && NOT ISBLANK ( Ate2025 )
            && Ate2025 <> 0,
        Ate2024 * ( 1 + Crec )
    )

-- Control desde el segmentador
VAR Mostrar =
    SELECTEDVALUE ( MostrarProyeccion[Opcion], ""NO"" )

RETURN
IF ( Mostrar = ""SI"", Proy )
";"";False;"Valid";;False;"";"";"";"";"332c8cc8-0153-4a30-8fcf-1b48e6997dcb"
3524789;"CANTIDAD_IMAGENES";"CONSOLIDADO_IMAGENES_2025";"";"Number";"
VAR MaxYearModelo =
    CALCULATE ( MAX ( Calendario[Año] ), ALL ( Calendario ) )

VAR TotalAniosModelo =
    CALCULATE ( DISTINCTCOUNT ( Calendario[Año] ), ALL ( Calendario ) )

VAR AniosSel =
    FILTER ( VALUES ( Calendario[Año] ), NOT ISBLANK ( Calendario[Año] ) )

VAR HayFiltroAnioReal =
    COUNTROWS ( AniosSel ) < TotalAniosModelo

RETURN
IF (
    NOT HayFiltroAnioReal,

    -- DEFAULT: año anterior PERO RESPETANDO MES
    CALCULATE (
        SUM ( CONSOLIDADO_IMAGENES_2025[CANTIDAD] ),
        REMOVEFILTERS ( Calendario[Año] ),
        Calendario[Año] = MaxYearModelo - 1
    ),

    -- CON AÑO SELECCIONADO: respeta mes y demás filtros
    SUMX (
        AniosSel,
        VAR AnioActual = Calendario[Año]
        RETURN
            CALCULATE (
                SUM ( CONSOLIDADO_IMAGENES_2025[CANTIDAD] ),
                KEEPFILTERS ( Calendario[Año] = AnioActual )
            )
    )
)
";"";False;"Valid";;False;"";"";"";"""0""";"16cb6ced-517c-424b-8fe9-4ddb14273d57"
3526303;"IMAGENES";"CONSOLIDADO_IMAGENES_2025";"";"Number";"
SUM(CONSOLIDADO_IMAGENES_2025[CANTIDAD])";"";False;"Valid";;False;"";"";"";"""0""";"e7e42705-549d-4b71-b86e-7a4bd59f2548"
3527817;"IMG_2023";"CONSOLIDADO_IMAGENES_2025";"";"Number";"
CALCULATE([IMAGENES],
Calendario[Año]=2023)";"";False;"Valid";;False;"";"";"";"""0""";"0a714e8f-70f5-46cc-bd4b-faa01f5841a0"
3529331;"IMG_2024";"CONSOLIDADO_IMAGENES_2025";"";"Number";"
CALCULATE(
    [IMAGENES],
    Calendario[Año]=2024)";"";False;"Valid";;False;"";"";"";"""0""";"6c81d8d9-e8f1-4a50-9ddf-07a3b1be4693"
3530845;"IMG_2025";"CONSOLIDADO_IMAGENES_2025";"";"Number";"
CALCULATE(
    [IMAGENES],
    Calendario[Año]=2025)";"";False;"Valid";;False;"";"";"";"""0""";"6fe22521-6d73-41c1-8886-0522f21ab81c"
3532359;"IMG_2026";"CONSOLIDADO_IMAGENES_2025";"";"Number";"
CALCULATE(
    [IMAGENES],
    Calendario[Año]=2026)";"";False;"Valid";;False;"";"";"";"""0""";"fe0cb82e-64e2-4cba-8492-5b5a14d16f63"
3533873;"PROM_IMAGENES";"CONSOLIDADO_IMAGENES_2025";"";"Number";"
VAR MaxYearModelo =
    CALCULATE ( MAX ( Calendario[Año] ), ALL ( Calendario ) )

VAR TotalAniosModelo =
    CALCULATE ( DISTINCTCOUNT ( Calendario[Año] ), ALL ( Calendario ) )

VAR AniosSel =
    FILTER ( VALUES ( Calendario[Año] ), NOT ISBLANK ( Calendario[Año] ) )

VAR HayFiltroAnioReal =
    COUNTROWS ( AniosSel ) < TotalAniosModelo

RETURN
IF (
    NOT HayFiltroAnioReal,
    -- Default: año anterior (RESPETA Mes y demás filtros)
    CALCULATE (
        DIVIDE ( SUM ( CONSOLIDADO_IMAGENES_2025[CANTIDAD] ), 12, 0 ),
        REMOVEFILTERS ( Calendario[Año] ),
        Calendario[Año] = MaxYearModelo - 1
    ),
    -- Si hay 1 o varios años seleccionados: suma de promedios por año (RESPETA Mes)
    SUMX (
        AniosSel,
        VAR AnioActual = Calendario[Año]
        RETURN
            CALCULATE (
                DIVIDE ( SUM ( CONSOLIDADO_IMAGENES_2025[CANTIDAD] ), 12, 0 ),
                KEEPFILTERS ( Calendario[Año] = AnioActual )
            )
    )
)

";"";False;"Valid";;False;"";"";"";"""0""";"9be19ed4-88c9-451f-8ed9-a80362b9d4f8"
3535388;"PROYECCION_IMGA";"CONSOLIDADO_IMAGENES_2025";"";"Number";"
VAR AnnoActual = COALESCE ( SELECTEDVALUE ( Calendario[Año] ), 2026 )
VAR Mostrar = SELECTEDVALUE ( MostrarProyeccion[Opcion], ""NO"" )

-- Forzamos que el cálculo se ejecute para cada mes del contexto (aunque el reporte esté filtrado)
VAR ProyeccionCalculada = 
    GENERATE(
        VALUES(Calendario[Mes]), -- Itera sobre cada mes
        VAR MesDeCalculo = Calendario[Mes]
        
        VAR BasePrev =
            CALCULATE (
                IF( AnnoActual = 2025, [IMG_2024], [IMG_2025] ),
                REMOVEFILTERS ( Calendario ),
                Calendario[Año] = AnnoActual - 1,
                Calendario[Mes] = MesDeCalculo
            )

        VAR BasePrevPrev =
            CALCULATE (
                IF( AnnoActual = 2025, [IMG_2023], [IMG_2024] ),
                REMOVEFILTERS ( Calendario ),
                Calendario[Año] = AnnoActual - 2,
                Calendario[Mes] = MesDeCalculo
            )

        VAR Crec = DIVIDE ( BasePrev - BasePrevPrev, BasePrevPrev )
        RETURN ROW(""Valor"", BasePrev * ( 1 + Crec ))
    )

-- Lógica de visualización
RETURN
IF ( 
    Mostrar = ""SI"" && ( AnnoActual = 2025 || AnnoActual = 2026 ),
    SUMX(ProyeccionCalculada, [Valor])
)";"";False;"Valid";;False;"";"";"";"""0""";"7b0b3626-baf5-4dee-969f-828e00702460"
3538417;"TOTAL_ESTUDIOS";"CONSOLIDADO_IMAGENES_2025";"";"Number";"
VAR MaxYearModelo =
    CALCULATE ( MAX ( Calendario[Año] ), ALL ( Calendario ) )

VAR TotalAniosModelo =
    CALCULATE ( DISTINCTCOUNT ( Calendario[Año] ), ALL ( Calendario ) )

VAR AniosSel =
    FILTER ( VALUES ( Calendario[Año] ), NOT ISBLANK ( Calendario[Año] ) )

VAR HayFiltroAnioReal =
    COUNTROWS ( AniosSel ) < TotalAniosModelo

RETURN
IF (
    NOT HayFiltroAnioReal,
    -- Default: año anterior (RESPETA Mes y demás filtros)
    CALCULATE (
        CONSOLIDADO_IMAGENES_2025[IMAGENES],
        REMOVEFILTERS ( Calendario[Año] ),
        Calendario[Año] = MaxYearModelo - 1
    ),
    -- Si hay 1 o varios años seleccionados: suma por año (RESPETA Mes)
    SUMX (
        AniosSel,
        VAR AnioActual = Calendario[Año]
        RETURN
            CALCULATE (
                CONSOLIDADO_IMAGENES_2025[IMAGENES],
                KEEPFILTERS ( Calendario[Año] = AnioActual )
            )
    )
)

";"";False;"Valid";;False;"";"";"";"""0""";"a940842d-6135-4ac0-ab96-9aaa02062544"
3571295;"ATENCION_HP";"HOSPITALIZACION_PARCIAL";"";"Integer";"
COUNTROWS ( 'HOSPITALIZACION_PARCIAL' )";"";False;"Valid";;False;"";"";"";"""0""";"e065ce9b-139c-4b08-ac5e-40879f16b300"
3574377;"ATENCION_ANUAL";"HOSPITALIZACION_PARCIAL";"";"Integer";"

VAR MesSeleccionado =
    DISTINCTCOUNT(Calendario[Mes])

VAR AnioActual =
    MAX(Calendario[Año])

RETURN
IF(
    MesSeleccionado = 1,
    -- Si hay un solo mes seleccionado
    CALCULATE(
        [ATENCION_HP],
        SAMEPERIODLASTYEAR(Calendario[Date])
    ),
    -- Si no hay mes seleccionado (nivel anual)
    CALCULATE(
        [ATENCION_HP],
        FILTER(
            ALL(Calendario),
            Calendario[Año] = AnioActual - 1
        )
    )
)";"";False;"Valid";;False;"";"";"";"""0""";"7b0d75ac-31ed-458e-9453-9ed7c434b504"
3575919;"ATEHP2024";"HOSPITALIZACION_PARCIAL";"";"Integer";"
CALCULATE(
    [ATENCION_HP],
    Calendario[Año] = 2024
    )";"";False;"Valid";;False;"";"";"";"""0""";"0bb3f23e-29b5-4f7b-b31b-e9e1195b638a"
3577461;"ATEHP2025";"HOSPITALIZACION_PARCIAL";"";"Integer";"
CALCULATE(
    [ATENCION_HP],
    Calendario[Año] = 2025
    )";"";False;"Valid";;False;"";"";"";"""0""";"0c46d22f-d0d2-499c-8d2f-bb96ec8b2657"
3579003;"ATEHP2026";"HOSPITALIZACION_PARCIAL";"";"Integer";"
CALCULATE(
    [ATENCION_HP],
    Calendario[Año] = 2026
    )";"";False;"Valid";;False;"";"";"";"""0""";"46d92154-58d1-43fb-9a34-815e832c0cde"
3580545;"PROM_ATENCION_HP";"HOSPITALIZACION_PARCIAL";"";"Number";"
VAR MaxYearModelo =
    CALCULATE ( MAX ( Calendario[Año] ), ALL ( Calendario ) )

-- Detecta si hay cualquier filtro de tiempo (año/mes/fecha)
VAR HayFiltroTiempo =
    ISCROSSFILTERED ( Calendario[Date] )
        || ISFILTERED ( Calendario[Año] )
        || ISFILTERED ( Calendario[Mes] )

VAR AniosSel =
    FILTER ( VALUES ( Calendario[Año] ), NOT ISBLANK ( Calendario[Año] ) )

RETURN
IF (
    NOT HayFiltroTiempo,
    -- Default: año anterior SOLO cuando no hay filtros
    CALCULATE (
        DIVIDE ( COUNT (HOSPITALIZACION_PARCIAL[INGRESO] ), 12, 0 ),
        Calendario[Año] = MaxYearModelo - 1
    ),
    -- Si hay 1 o varios años seleccionados: SUMA de promedios por año
    SUMX (
        AniosSel,
        VAR AnioActual = Calendario[Año]
        RETURN
            CALCULATE (
                DIVIDE ( COUNT ( HOSPITALIZACION_PARCIAL[INGRESO] ), 12, 0 ),
                KEEPFILTERS ( Calendario[Año] = AnioActual )
            )
    )
)";"";False;"Valid";;False;"";"";"";"""0""";"0011d400-9117-437d-b74b-f5371daa0f64"
3582088;"PROYECCION_ATENHP";"HOSPITALIZACION_PARCIAL";"";"Number";"

VAR AnnoActual = MAX ( Calendario[Año] )
VAR MesActual  = MAX ( Calendario[Mes] )

-- Atenciones del mismo mes del año anterior (si AnnoActual=2026 => toma 2025)
VAR Ate2024 =
    CALCULATE (
        [ATEHP2025],
        REMOVEFILTERS ( Calendario ),
        Calendario[Año] = AnnoActual - 1,
        Calendario[Mes] = MesActual
    )

-- Atenciones del mismo mes pero dos años atrás (si AnnoActual=2026 => toma 2024)
VAR Ate2025 =
    CALCULATE (
        [ATEHP2024],
        REMOVEFILTERS ( Calendario ),
        Calendario[Año] = AnnoActual - 2,
        Calendario[Mes] = MesActual
    )

-- % crecimiento del mes (2025 vs 2024)
VAR Crec =
    DIVIDE ( Ate2024 - Ate2025, Ate2025 )

-- Valor proyectado
VAR Proy =
    IF (
        NOT ISBLANK ( Ate2024 )
            && NOT ISBLANK ( Ate2025 )
            && Ate2025 <> 0,
        Ate2024 * ( 1 + Crec )
    )

-- Control desde el segmentador
VAR Mostrar =
    SELECTEDVALUE ( MostrarProyeccion[Opcion], ""NO"" )

RETURN
IF ( Mostrar = ""SI"", Proy )
";"";False;"Valid";;False;"";"";"";"""0""";"b3b9cee8-c6a0-4d61-9144-ac8995c0f486"
3646206;"ATEN_DOM2024";"ATENCION DOMICILIARIA";"";"Integer";"
CALCULATE(
    [ATENCION_DM],
    Calendario[Año] = 2024
    )";"";False;"Valid";;False;"";"";"";"";"c4cc8047-ff15-4e8b-97c7-5d375dca6f3d"
3647776;"ATENCION_DM";"ATENCION DOMICILIARIA";"";"Integer";"
COUNTROWS(
    'ATENCION DOMICILIARIA'
)";"";False;"Valid";;False;"";"";"";"""0""";"d27756f5-2c0f-434f-af3a-d10b6a380896"
3649346;"ATEN_DOM2025";"ATENCION DOMICILIARIA";"";"Integer";"
CALCULATE(
    [ATENCION_DM],
    Calendario[Año] = 2025
    )";"";False;"Valid";;False;"";"";"";"""0""";"c54d21a6-c654-484b-b37e-57b33c26e9d5"
3650916;"ATEN_DOM2026";"ATENCION DOMICILIARIA";"";"Integer";"
CALCULATE(
    [ATENCION_DM],
    Calendario[Año] = 2026
    )";"";False;"Valid";;False;"";"";"";"""0""";"7d587cb4-7745-4f62-9ea2-7e5052251a5b"
3652486;"PROM_ATENCION_AD";"ATENCION DOMICILIARIA";"";"Number";"
VAR MaxYearModelo =
    CALCULATE ( MAX ( Calendario[Año] ), ALL ( Calendario ) )

-- Detecta si hay cualquier filtro de tiempo (año/mes/fecha)
VAR HayFiltroTiempo =
    ISCROSSFILTERED ( Calendario[Date] )
        || ISFILTERED ( Calendario[Año] )
        || ISFILTERED ( Calendario[Mes] )

VAR AniosSel =
    FILTER ( VALUES ( Calendario[Año] ), NOT ISBLANK ( Calendario[Año] ) )

RETURN
IF (
    NOT HayFiltroTiempo,
    -- Default: año anterior SOLO cuando no hay filtros
    CALCULATE (
        DIVIDE ( COUNT ('ATENCION DOMICILIARIA'[INGRESO] ), 12, 0 ),
        Calendario[Año] = MaxYearModelo - 1
    ),
    -- Si hay 1 o varios años seleccionados: SUMA de promedios por año
    SUMX (
        AniosSel,
        VAR AnioActual = Calendario[Año]
        RETURN
            CALCULATE (
                DIVIDE ( COUNT ( 'ATENCION DOMICILIARIA'[INGRESO] ), 12, 0 ),
                KEEPFILTERS ( Calendario[Año] = AnioActual )
            )
    )
)



";"";False;"Valid";;False;"";"";"";"""0""";"0b55644d-4004-4e8c-aafe-b41c5d97cd07"
3654057;"PROYECCION_ATD";"ATENCION DOMICILIARIA";"";"Number";"
VAR AnnoSeleccionado = COALESCE ( SELECTEDVALUE ( Calendario[Año] ), 2026 )
VAR Mostrar = SELECTEDVALUE ( MostrarProyeccion[Opcion], ""NO"" )

-- Creamos el cálculo iterativo para que sea independiente del mes actual del contexto
VAR CalculoMensual = 
    SUMX(
        VALUES( Calendario[Mes] ), -- Itera por cada mes visible en el eje o tabla
        VAR MesDeCalculo = Calendario[Mes]

        -- Atenciones del mismo mes del año anterior (Año - 1)
        VAR AteAnterior =
            CALCULATE (
                [ATEN_DOM2025], -- Asegúrate que esta medida sea dinámica o corresponda al año - 1
                REMOVEFILTERS ( Calendario ),
                Calendario[Año] = AnnoSeleccionado - 1,
                Calendario[Mes] = MesDeCalculo
            )

        -- Atenciones del mismo mes de hace dos años (Año - 2)
        VAR AteTrasAnterior =
            CALCULATE (
                [ATEN_DOM2024], -- Asegúrate que esta medida sea dinámica o corresponda al año - 2
                REMOVEFILTERS ( Calendario ),
                Calendario[Año] = AnnoSeleccionado - 2,
                Calendario[Mes] = MesDeCalculo
            )

        -- Cálculo del crecimiento porcentual
        VAR Crec = DIVIDE ( AteAnterior - AteTrasAnterior, AteTrasAnterior )

        -- Resultado de la proyección para este mes específico
        RETURN 
            IF ( 
                NOT ISBLANK ( AteAnterior ) && AteTrasAnterior <> 0, 
                AteAnterior * ( 1 + Crec ) 
            )
    )

RETURN
IF ( Mostrar = ""SI"", CalculoMensual )";"";False;"Valid";;False;"";"";"";"";"c0e5172c-50ce-4c09-aa81-1d52f7596863"
4990835;"AÑO ANTERIOR1";"FACT_EGRESOS";"";"Integer";"
CALCULATE(DISTINCTCOUNT(FACT_EGRESOS[INGRESO]),YEAR(FACT_EGRESOS[EGRESO_EPICRISIS])=YEAR(TODAY())-1)";"";False;"Valid";;False;"";"";"";"""0""";"ca33ebee-a3e0-4c27-b81d-5680e975b913"
4994507;"AÑO ACTUAL1";"FACT_EGRESOS";"";"Integer";"
CALCULATE(COUNT(FACT_EGRESOS[INGRESO]),YEAR(FACT_EGRESOS[EGRESO_EPICRISIS])=YEAR(TODAY()))";"";False;"Valid";;False;"";"";"";"""0""";"843af315-a211-42de-a209-8e19389efc3d"
5676528;"Total Egresos";"FACT_EGRESOS";"";"Integer";"COUNTROWS(FACT_EGRESOS)";"";False;"Valid";;False;"";"";"";"""0""";"03e5cb54-aa6c-48be-a158-020c1a73a57e"
5930580;"PROMEDIO_ESTANCIA";"FACT_EGRESOS";"";"Number";"
DIVIDE(
    [ESTANCIA_VALIDADA],
    [Total Egresos],
    BLANK()
)";"";False;"Valid";;False;"";"";"";"";"b7ec8414-6433-4348-acb2-802125bd0304"
6466732;"GIRO_CAMA1";"FACT_EGRESOS";"";"Number";"
VAR TotalEgresos =
    CALCULATE(
        DISTINCTCOUNT('FACT_EGRESOS'[INGRESO]),
        'FACT_EGRESOS'[EGRESO_PUERTA] IN {""PUERTA"", ""TRASLADO""}
    )
VAR TotalCamas =
    SUMX(
        VALUES(FACT_EGRESOS[SERVICIO]),
        [NUM_CAM_EGRESOS]
    )
RETURN
DIVIDE(TotalEgresos, TotalCamas, 0)";"";False;"Valid";;False;"";"";"";"";"baf109ce-ffb8-4835-92d9-909f6286f1a3"
6471859;"NUM_CAM_EGRESOS";"FACT_EGRESOS";"";"Integer";"
SWITCH(
    SELECTEDVALUE(FACT_EGRESOS[SERVICIO]),

    ""BOTON AZUL 3 PISO"", 6,

    ""HOSP 2 SUR"", 21,

    ""HOSP 4 NORTE"", 23,
    ""HOSP 4 SUR"", 21,

    ""HOSP 5 NORTE"", 12,
    ""HOSP 5 SUR"", 19,

    ""HOSPITALIZACION 6 PISO"", 16,

    ""HOSPITALIZACION NEONATOS"", 16,

    ""HOSPITALIZACION PARCIAL"", 8,

    ""CUIDADO INTERMEDIO NORTE"", 21,
    ""CUIDADO INTERMEDIO SUR"", 17,

    ""OBSTETRICIA CRITICA"", 4,
    ""UNIDAD OBSTETRICIA"", 26,

    ""UNIDAD DE CUIDADO INTENSIVO"", 20,

    ""URGENCIAS"", 54,

    ""URGENCIAS SALA AZUL"", 9,

    BLANK()
)";"";False;"Valid";;False;"";"";"";"""0""";"6b19ebcd-42a3-495a-b7a4-d7dfb2dd37f5"
6598026;"EGRESOS AÑO ANTERIOR";"FACT_EGRESOS";"";"Integer";"
CALCULATE(
    [Total Egresos],
    SAMEPERIODLASTYEAR('Calendario'[Date])
)";"";False;"Valid";;False;"";"";"";"""0""";"861de5d9-e43c-4b61-97a8-98f385031ab0"
6093255;"ESTANCIA_VALIDADA";"FACT_ESTANCIA";"";"Number";"
VAR ServicioActual =
    SELECTEDVALUE('FACT_ESTANCIA'[SERVICIO_HOMOLOGADO])
RETURN
SWITCH(
    TRUE(),
    ServicioActual IN {
        ""URGENCIAS"",
        ""URGENCIAS SALA AZUL"",
        ""BOTON AZUL 3 PISO"",
        ""URGENCIAS BOTON AZUL""
    },
        DIVIDE(SUM('FACT_ESTANCIA'[HORAS_ESTANCIA]), 24),

    SUM('FACT_ESTANCIA'[DIAS_ESTANCIA])
)";"";False;"Valid";;False;"";"";"";"";"3408d72d-3fe4-45af-9192-4526e10689a3"
6199732;"CAMAS_DISPONIBLES";"PORCENTAJE_OCUPACIONAL";"";"Integer";"
[NUMERO_CAMAS] * DAY(EOMONTH(MAX('PORCENTAJE_OCUPACIONAL'[FECHADES]), 0))";"";False;"Valid";;False;"";"";"";"""0""";"90368c3b-5d50-4865-b2c1-725e6f91d907"
6202254;"PORCENTAJE_OCUPACIONAL_TOTAL";"PORCENTAJE_OCUPACIONAL";"";"Number";"
DIVIDE(
    COUNT('PORCENTAJE_OCUPACIONAL'[OID]),
    SUMX(
        VALUES('PORCENTAJE_OCUPACIONAL'[SERVICIO]),
        [CAMAS_DISPONIBLES]
    )
)";"";False;"Valid";;False;"";"";"";"""0.0\ %;-0.0\ %;0.0\ %""";"169f5e6b-e3e9-46d6-b8ed-a9b422217135"
6204778;"NUMERO_CAMAS";"PORCENTAJE_OCUPACIONAL";"";"Integer";"
VAR servicio = TRIM(UPPER(SELECTEDVALUE('PORCENTAJE_OCUPACIONAL'[SERVICIO])))
RETURN
SWITCH(
    TRUE(),

    servicio = ""CUARTO PISO NORTE"", 23,
    servicio = ""CUARTO PISO SUR"", 21,
    servicio = ""CUIDADO INTERMEDIO NORTE"", 21,
    servicio = ""CUIDADO INTERMEDIO SUR"", 17,
    servicio = ""HOSPITALIZACION NEONATOS"", 16,
    servicio = ""OBSTETRICIA"", 26,
    servicio = ""OBSTETRICIA CRITICO"", 4,
    servicio = ""QUINTO PISO NORTE"", 12,
    servicio = ""QUINTO PISO SUR"", 19,
    servicio = ""SEGUNDO PISO SUR"", 21,
    servicio = ""SEXTO PISO"", 16,
    servicio = ""UNIDAD DE CUIDADO INTENSIVO"", 20,
    servicio = ""URGENCIAS EXPANSION"" || servicio = ""URGENCIAS EXPANCION"", 27,
    servicio = ""URGENCIAS"", 54,
    servicio = ""URGENCIAS BOTON AZUL"", 9,

    BLANK()
)";"";False;"Valid";;False;"";"";"";"""0""";"2002db24-d9e6-44bb-b8f1-4648a5380f5e"
7412563;"Promedio_Laboratorio_pat";"LABORATORIOS_PATOLOGICOS";"";"Number";"
VAR Hoy = TODAY()
VAR AnioCerrado = YEAR(Hoy) - 1

VAR AnioContexto = SELECTEDVALUE('Calendario'[Año], AnioCerrado)

VAR PromedioMensual = 
    CALCULATE(
        AVERAGEX(
            FILTER(
                VALUES('Calendario'[Mes]),
                [TOTAL_LABORATORIO_PAT] > 0
            ),
            [TOTAL_LABORATORIO_PAT]
        ),
        'Calendario'[Año] = AnioContexto
    )

RETURN 
    PromedioMensual";"";False;"Valid";;False;"";"";"";"";"38a8b870-3c41-47ec-96de-223743819d77"
7414302;"TOTAL_LABORATORIO_PAT";"LABORATORIOS_PATOLOGICOS";"";"Integer";"
COUNTROWS(LABORATORIOS_PATOLOGICOS)";"";False;"Valid";;False;"";"";"";"""0""";"3eadc9d3-a91c-4fec-a262-ddc0fd280a40"
