ID;Name;Relationship;Model;IsActive;CrossFilteringBehavior;RelyOnReferentialIntegrity;FromTable;FromColumn;FromCardinality;ToTable;ToColumn;ToCardinality;State;SecurityFilteringBehavior
377361;"a5b8dcdf-952c-45cb-aaf3-72d2298b986a";"'OPORTUNIDAD_TRIAGE'[HCTFECTRI] *[<-]1 'LocalDateTable_ec332c3e-3cd8-4bc7-9922-5cae65708026'[Date]";"2e2ccf6e-c7a1-433d-bd3c-e102099f44e1";True;"OneDirection";False;"OPORTUNIDAD_TRIAGE";"HCTFECTRI";"Many";"LocalDateTable_ec332c3e-3cd8-4bc7-9922-5cae65708026";"Date";"One";"Ready";"Single"
379403;"a80b0eaf-47af-4c15-8611-6e9c4c304b05";"'OPORTUNIDAD_TRIAGE'[FECHA_TRIAGE] *[<-]1 'LocalDateTable_3e054006-feb4-4b6c-9598-abf3ebf09cff'[Date]";"2e2ccf6e-c7a1-433d-bd3c-e102099f44e1";True;"OneDirection";False;"OPORTUNIDAD_TRIAGE";"FECHA_TRIAGE";"Many";"LocalDateTable_3e054006-feb4-4b6c-9598-abf3ebf09cff";"Date";"One";"Ready";"Single"
839095;"ce93c3b8-0fc9-82c1-0fb6-75418c4ae741";"'OPORTUNIDAD_TRIAGE'[GENTERCER1] *[<-]1 'TERCERO'[OID]";"2e2ccf6e-c7a1-433d-bd3c-e102099f44e1";True;"OneDirection";False;"OPORTUNIDAD_TRIAGE";"GENTERCER1";"Many";"TERCERO";"OID";"One";"Ready";"Single"
4755968;"c89db8bc-41a3-645c-1c7c-8dc5cb5eca15";"'OPORTUNIDAD_TRIAGE'[FECHA] *[<-]1 'Calendario'[Date]";"2e2ccf6e-c7a1-433d-bd3c-e102099f44e1";True;"OneDirection";False;"OPORTUNIDAD_TRIAGE";"FECHA";"Many";"Calendario";"Date";"One";"Ready";"Single"
12510;"47f67ee3-517d-43c6-8457-6ecf0618ccc9";"'CONSULTA_URGENCIAS'[FECHA_TRIAGE] *[<-]1 'LocalDateTable_abd5768c-bf3b-487c-ab5e-90c63db8a25c'[Date]";"2e2ccf6e-c7a1-433d-bd3c-e102099f44e1";True;"OneDirection";False;"CONSULTA_URGENCIAS";"FECHA_TRIAGE";"Many";"LocalDateTable_abd5768c-bf3b-487c-ab5e-90c63db8a25c";"Date";"One";"Ready";"Single"
842962;"b2becdd0-8449-3e64-d414-7a5b6d3f466d";"'CONSULTA_URGENCIAS'[OID_TERCERO] *[<-]1 'TERCERO'[OID]";"2e2ccf6e-c7a1-433d-bd3c-e102099f44e1";False;"OneDirection";False;"CONSULTA_URGENCIAS";"OID_TERCERO";"Many";"TERCERO";"OID";"One";"Ready";"Single"
8790888;"811cc555-1a94-4f80-8ada-7018dfdb830e";"'CONSULTA_URGENCIAS'[FECHA_FOLIO] *[<-]1 'LocalDateTable_0ef91757-a863-4649-b09b-8ea1f667a20f'[Date]";"2e2ccf6e-c7a1-433d-bd3c-e102099f44e1";True;"OneDirection";False;"CONSULTA_URGENCIAS";"FECHA_FOLIO";"Many";"LocalDateTable_0ef91757-a863-4649-b09b-8ea1f667a20f";"Date";"One";"Ready";"Single"
8790889;"ae861042-568b-e269-3b2c-59a5150f6f4f";"'CONSULTA_URGENCIAS'[FECHA_ADMISION] *[<-]1 'Calendario'[Date]";"2e2ccf6e-c7a1-433d-bd3c-e102099f44e1";True;"OneDirection";False;"CONSULTA_URGENCIAS";"FECHA_ADMISION";"Many";"Calendario";"Date";"One";"Ready";"Single"
744111;"97166bc5-fb08-4dec-a266-3e24350c867d";"'CIRUGIAS'[FECHA_CIRUGIA] *[<-]1 'LocalDateTable_ea2be855-3a41-4d3d-9eaf-c1d60b093be9'[Date]";"2e2ccf6e-c7a1-433d-bd3c-e102099f44e1";True;"OneDirection";False;"CIRUGIAS";"FECHA_CIRUGIA";"Many";"LocalDateTable_ea2be855-3a41-4d3d-9eaf-c1d60b093be9";"Date";"One";"Ready";"Single"
1008507;"5d94b160-e1cd-4757-85d2-e13f1d03ff09";"'CIRUGIAS'[FECHA_INGRESO] *[<-]1 'LocalDateTable_e1c8162b-17d9-4679-af40-6d75f1093c7d'[Date]";"2e2ccf6e-c7a1-433d-bd3c-e102099f44e1";True;"OneDirection";False;"CIRUGIAS";"FECHA_INGRESO";"Many";"LocalDateTable_e1c8162b-17d9-4679-af40-6d75f1093c7d";"Date";"One";"Ready";"Single"
1079099;"22f4c1d1-c45a-4082-b95d-a09e6bc4cc8b";"'CIRUGIAS'[FECHA_SOLCITUD] *[<-]1 'LocalDateTable_eed84406-596f-42e6-87d0-2164af7ce37a'[Date]";"2e2ccf6e-c7a1-433d-bd3c-e102099f44e1";True;"OneDirection";False;"CIRUGIAS";"FECHA_SOLCITUD";"Many";"LocalDateTable_eed84406-596f-42e6-87d0-2164af7ce37a";"Date";"One";"Ready";"Single"
2419580;"AutoDetected_5fe0ecfc-65b3-46b7-89f5-e289762d32b9";"'CIRUGIAS'[OID] *[<-]1 'ASEGURADORAS'[OID]";"2e2ccf6e-c7a1-433d-bd3c-e102099f44e1";False;"OneDirection";False;"CIRUGIAS";"OID";"Many";"ASEGURADORAS";"OID";"One";"Ready";"Single"
2419581;"AutoDetected_4d8638ba-7788-4db0-9cd0-f1472bdcef29";"'CIRUGIAS'[OID] *[<-]1 'CAMAS'[OID]";"2e2ccf6e-c7a1-433d-bd3c-e102099f44e1";True;"OneDirection";False;"CIRUGIAS";"OID";"Many";"CAMAS";"OID";"One";"Ready";"Single"
2419582;"AutoDetected_4fccb5cf-8f8f-4d53-9ed6-69f5d63722b0";"'CIRUGIAS'[OID] *[<-]1 'UNIDAD'[OID]";"2e2ccf6e-c7a1-433d-bd3c-e102099f44e1";False;"OneDirection";False;"CIRUGIAS";"OID";"Many";"UNIDAD";"OID";"One";"Ready";"Single"
2671560;"3fe1ecc3-149b-4b42-b434-d957fe4ad161";"'CIRUGIAS'[AINFECING] *[<-]1 'LocalDateTable_1e4d3198-fceb-4af7-8182-f357869f4fe1'[Date]";"2e2ccf6e-c7a1-433d-bd3c-e102099f44e1";True;"OneDirection";False;"CIRUGIAS";"AINFECING";"Many";"LocalDateTable_1e4d3198-fceb-4af7-8182-f357869f4fe1";"Date";"One";"Ready";"Single"
4755970;"0dad79a7-4d35-912c-648f-3700ae68c433";"'CIRUGIAS'[FECHA] *[<-]1 'Calendario'[Date]";"2e2ccf6e-c7a1-433d-bd3c-e102099f44e1";True;"OneDirection";False;"CIRUGIAS";"FECHA";"Many";"Calendario";"Date";"One";"Ready";"Single"
8245523;"1abc5c90-b3e8-8d82-33be-1540518881dd";"'CIRUGIAS'[GENTERCER1] *[<-]1 'TERCERO'[OID]";"2e2ccf6e-c7a1-433d-bd3c-e102099f44e1";True;"OneDirection";False;"CIRUGIAS";"GENTERCER1";"Many";"TERCERO";"OID";"One";"Ready";"Single"
2000;"84f5b4f1-ea41-4544-a352-154a9df5b1b6";"'ATENCIONES_GINECO'[MES_INGRESO] *[<-]1 'LocalDateTable_93fa716f-31f2-479a-bb24-9a51280ab80e'[Date]";"2e2ccf6e-c7a1-433d-bd3c-e102099f44e1";True;"OneDirection";False;"ATENCIONES_GINECO";"MES_INGRESO";"Many";"LocalDateTable_93fa716f-31f2-479a-bb24-9a51280ab80e";"Date";"One";"Ready";"Single"
665529;"546d8f93-240c-5859-092a-53b4bbb746da";"'ATENCIONES_GINECO'[OID_ASEGURADORA] *[<-]1 'ASEGURADORAS'[OID]";"2e2ccf6e-c7a1-433d-bd3c-e102099f44e1";True;"OneDirection";False;"ATENCIONES_GINECO";"OID_ASEGURADORA";"Many";"ASEGURADORAS";"OID";"One";"Ready";"Single"
499664;"be1d06c7-51cc-446d-a791-6160746c4dda";"'PARTOS'[FechaParto] *[<-]1 'LocalDateTable_af14d455-f62f-4477-9f8e-3d4e989c8288'[Date]";"2e2ccf6e-c7a1-433d-bd3c-e102099f44e1";True;"OneDirection";False;"PARTOS";"FechaParto";"Many";"LocalDateTable_af14d455-f62f-4477-9f8e-3d4e989c8288";"Date";"One";"Ready";"Single"
72020;"320f1cb6-70de-4b15-b6bc-4f6ce3456b63";"'REFERENCIA'[FECHALLAM] *[<-]1 'LocalDateTable_297d578a-c048-4aa5-8644-e07a27460348'[Date]";"2e2ccf6e-c7a1-433d-bd3c-e102099f44e1";True;"OneDirection";False;"REFERENCIA";"FECHALLAM";"Many";"LocalDateTable_297d578a-c048-4aa5-8644-e07a27460348";"Date";"One";"Ready";"Single"
72021;"281034d1-8bbe-4202-bb6c-2c5f25b954d4";"'REFERENCIA'[FECHALLEG] *[<-]1 'LocalDateTable_9224751e-1108-4bd4-b12c-59d4d2aeccff'[Date]";"2e2ccf6e-c7a1-433d-bd3c-e102099f44e1";True;"OneDirection";False;"REFERENCIA";"FECHALLEG";"Many";"LocalDateTable_9224751e-1108-4bd4-b12c-59d4d2aeccff";"Date";"One";"Ready";"Single"
681725;"39cf7e1f-fd5d-a125-61a6-a9eabe03b398";"'REFERENCIA'[OID_ASEGURADORA] *[<-]1 'ASEGURADORAS'[OID]";"2e2ccf6e-c7a1-433d-bd3c-e102099f44e1";True;"OneDirection";False;"REFERENCIA";"OID_ASEGURADORA";"Many";"ASEGURADORAS";"OID";"One";"Ready";"Single"
4755972;"9e0dec29-e762-874f-ac07-6c8e9a7a58ff";"'PORCENTAJE_OCUP'[fecha] *[<-]1 'Calendario'[Date]";"2e2ccf6e-c7a1-433d-bd3c-e102099f44e1";True;"OneDirection";False;"PORCENTAJE_OCUP";"FECHA";"Many";"Calendario";"Date";"One";"Ready";"Single"
933535;"e3603bec-fd15-5935-75e1-7f2fe86c89ee";"'OBSERVADOS'[HCENTRIAGE] *[<-]1 'OPORTUNIDAD_TRIAGE'[OID_TRIAGE]";"2e2ccf6e-c7a1-433d-bd3c-e102099f44e1";False;"OneDirection";False;"OBSERVADOS";"HCENTRIAGE";"Many";"OPORTUNIDAD_TRIAGE";"OID_TRIAGE";"One";"Ready";"Single"
4755986;"84d88c97-7703-3825-4ca8-f258668dc4c4";"'OBSERVADOS'[fecha] *[<-]1 'Calendario'[Date]";"2e2ccf6e-c7a1-433d-bd3c-e102099f44e1";True;"OneDirection";False;"OBSERVADOS";"FECHA";"Many";"Calendario";"Date";"One";"Ready";"Single"
346597;"e3aaf415-a4a9-9644-89d7-20ed7d78a54e";"'IMAGENES_CARDIOLOGIA'[OID] *[<-]1 'ASEGURADORAS'[OID]";"2e2ccf6e-c7a1-433d-bd3c-e102099f44e1";True;"OneDirection";False;"IMAGENES_CARDIOLOGIA";"OID";"Many";"ASEGURADORAS";"OID";"One";"Ready";"Single"
4755965;"771062af-9cfa-db54-a1c2-1efd641eb05f";"'IMAGENES_CARDIOLOGIA'[FECHA] *[<-]1 'Calendario'[Date]";"2e2ccf6e-c7a1-433d-bd3c-e102099f44e1";True;"OneDirection";False;"IMAGENES_CARDIOLOGIA";"FECHA";"Many";"Calendario";"Date";"One";"Ready";"Single"
346873;"4f64abeb-af21-5785-78bf-3919ece96fc0";"'IMAGENES_ECOGRAFIA'[OID] *[<-]1 'ASEGURADORAS'[OID]";"2e2ccf6e-c7a1-433d-bd3c-e102099f44e1";True;"OneDirection";False;"IMAGENES_ECOGRAFIA";"OID";"Many";"ASEGURADORAS";"OID";"One";"Ready";"Single"
4755966;"25401ee9-6d71-3a2e-cec1-07a783a6b1b2";"'IMAGENES_ECOGRAFIA'[FECHA] *[<-]1 'Calendario'[Date]";"2e2ccf6e-c7a1-433d-bd3c-e102099f44e1";True;"OneDirection";False;"IMAGENES_ECOGRAFIA";"FECHA";"Many";"Calendario";"Date";"One";"Ready";"Single"
347149;"72ef0afb-0a72-0fd3-a2b6-c5af212bca11";"'IMAGENES_OTRAS'[OID] *[<-]1 'ASEGURADORAS'[OID]";"2e2ccf6e-c7a1-433d-bd3c-e102099f44e1";True;"OneDirection";False;"IMAGENES_OTRAS";"OID";"Many";"ASEGURADORAS";"OID";"One";"Ready";"Single"
6999828;"3edd5746-f0c5-439f-91f5-a5ca580428b1";"'IMAGENES_OTRAS'[FECHA] *[<-]1 'LocalDateTable_8dc76051-35b9-43f0-bd25-4b56ba9c8af8'[Date]";"2e2ccf6e-c7a1-433d-bd3c-e102099f44e1";True;"OneDirection";False;"IMAGENES_OTRAS";"FECHA";"Many";"LocalDateTable_8dc76051-35b9-43f0-bd25-4b56ba9c8af8";"Date";"One";"Ready";"Single"
4755964;"b6f05100-b07b-443e-ae67-6f86bf1f8082";"'Calendario'[Date] *[<-]1 'LocalDateTable_b1234d38-f4fa-40d7-9f3d-98402bedb5dc'[Date]";"2e2ccf6e-c7a1-433d-bd3c-e102099f44e1";True;"OneDirection";False;"Calendario";"Date";"Many";"LocalDateTable_b1234d38-f4fa-40d7-9f3d-98402bedb5dc";"Date";"One";"Ready";"Single"
4755971;"d39713a2-6e53-1b23-ff09-dcd99d464666";"'Calendario'[Date] 1[<->]1 'EGRESOS'[FECHA]";"2e2ccf6e-c7a1-433d-bd3c-e102099f44e1";True;"BothDirections";False;"Calendario";"Date";"One";"EGRESOS";"FECHA";"One";"Ready";"Single"
4755973;"ca93f6c1-e444-6fe9-2aa4-a72fc0364d6f";"'Calendario'[Date] 1[<->]1 'ATENCIONES_IMAGENES'[FECHA]";"2e2ccf6e-c7a1-433d-bd3c-e102099f44e1";True;"BothDirections";False;"Calendario";"Date";"One";"ATENCIONES_IMAGENES";"FECHA";"One";"Ready";"Single"
4755974;"52052290-5cec-8679-41f7-5f14c69162a5";"'Calendario'[Date] 1[<->]1 'EGRESOS_UCI'[FECHA]";"2e2ccf6e-c7a1-433d-bd3c-e102099f44e1";True;"BothDirections";False;"Calendario";"Date";"One";"EGRESOS_UCI";"FECHA";"One";"Ready";"Single"
4755975;"107f0e1c-4b16-d1fe-41c7-e7760e39ce6c";"'Calendario'[Date] 1[<->]1 'CIRUGIAS_ARC'[FECHA]";"2e2ccf6e-c7a1-433d-bd3c-e102099f44e1";True;"BothDirections";False;"Calendario";"Date";"One";"CIRUGIAS_ARC";"FECHA";"One";"Ready";"Single"
4755976;"6463c64c-b116-6f36-94f2-1d210ef87b63";"'Calendario'[Date] 1[<->]1 'ATENCIONES_LABORATORIO'[FECHA]";"2e2ccf6e-c7a1-433d-bd3c-e102099f44e1";True;"BothDirections";False;"Calendario";"Date";"One";"ATENCIONES_LABORATORIO";"FECHA";"One";"Ready";"Single"
4755977;"4201784e-87c6-c20d-6008-50887dde5f9a";"'Calendario'[Date] 1[<->]1 'EGRESOS_URGENCIAS'[FECHA]";"2e2ccf6e-c7a1-433d-bd3c-e102099f44e1";True;"BothDirections";False;"Calendario";"Date";"One";"EGRESOS_URGENCIAS";"FECHA";"One";"Ready";"Single"
4755978;"482ec7ad-ca83-87c5-5000-bfb46d1ee37a";"'Calendario'[Date] 1[<->]1 'EGRESOS_GINECO'[FECHA]";"2e2ccf6e-c7a1-433d-bd3c-e102099f44e1";True;"BothDirections";False;"Calendario";"Date";"One";"EGRESOS_GINECO";"FECHA";"One";"Ready";"Single"
4755979;"b08cd20d-15d3-b4a3-685a-7510253381bf";"'Calendario'[Date] 1[<->]1 'CONSULTA_AMBULATORIAS'[FECHA]";"2e2ccf6e-c7a1-433d-bd3c-e102099f44e1";True;"BothDirections";False;"Calendario";"Date";"One";"CONSULTA_AMBULATORIAS";"FECHA";"One";"Ready";"Single"
4755980;"e3855cd3-f974-ed9f-9865-7df5045444d3";"'Calendario'[Date] 1[<->]1 'EGRESOS_NEONATOS'[FECHA]";"2e2ccf6e-c7a1-433d-bd3c-e102099f44e1";True;"BothDirections";False;"Calendario";"Date";"One";"EGRESOS_NEONATOS";"FECHA";"One";"Ready";"Single"
562092;"AutoDetected_53428537-9d48-4761-ae36-fd1d448e6f6b";"'ASEGURADORAS'[OID] 1[<->]1 'SERVICIO'[OID]";"2e2ccf6e-c7a1-433d-bd3c-e102099f44e1";True;"BothDirections";False;"ASEGURADORAS";"OID";"One";"SERVICIO";"OID";"One";"Ready";"Single"
839659;"a406b0ed-3e36-8ed6-0f63-d0291a3207cc";"'ASEGURADORAS'[GENTERCER1] *[<-]1 'TERCERO'[OID]";"2e2ccf6e-c7a1-433d-bd3c-e102099f44e1";True;"OneDirection";False;"ASEGURADORAS";"GENTERCER1";"Many";"TERCERO";"OID";"One";"Ready";"Single"
7000972;"4f8d2c34-5606-b555-25a5-a92943bd7ef8";"'LABORATORIOS'[FECHA_ATENCION] *[<-]1 'Calendario'[Date]";"2e2ccf6e-c7a1-433d-bd3c-e102099f44e1";True;"OneDirection";False;"LABORATORIOS";"FECHA_ATENCION";"Many";"Calendario";"Date";"One";"Ready";"Single"
397270;"8dc0d0d3-f3e1-41e0-adf1-c2f7571869b7";"'QUIMIOTERAPIA'[FECHA_ADMISION] *[<-]1 'LocalDateTable_3daccb3b-4045-4270-af5e-a142c5b7af71'[Date]";"2e2ccf6e-c7a1-433d-bd3c-e102099f44e1";True;"OneDirection";False;"QUIMIOTERAPIA";"FECHA_ADMISION";"Many";"LocalDateTable_3daccb3b-4045-4270-af5e-a142c5b7af71";"Date";"One";"Ready";"Single"
398302;"0b678986-b2e4-40db-974c-538746cdc589";"'QUIMIOTERAPIA'[FECHA] *[<-]1 'LocalDateTable_6cc69554-6ebc-4352-8ca1-3ad90ce2be7e'[Date]";"2e2ccf6e-c7a1-433d-bd3c-e102099f44e1";True;"OneDirection";False;"QUIMIOTERAPIA";"FECHA";"Many";"LocalDateTable_6cc69554-6ebc-4352-8ca1-3ad90ce2be7e";"Date";"One";"Ready";"Single"
407832;"db16a202-6327-4c72-89e7-15d6259672fb";"'RADIOTERAPIA'[FECHA_ADMISION] *[<-]1 'LocalDateTable_c2b3ba0f-3b43-459e-9993-f1222cff83b8'[Date]";"2e2ccf6e-c7a1-433d-bd3c-e102099f44e1";True;"OneDirection";False;"RADIOTERAPIA";"FECHA_ADMISION";"Many";"LocalDateTable_c2b3ba0f-3b43-459e-9993-f1222cff83b8";"Date";"One";"Ready";"Single"
407833;"d285ef39-a9bb-4f4c-8d6f-e1275f300e0d";"'RADIOTERAPIA'[FECHA] *[<-]1 'LocalDateTable_6c66b7fe-0cf1-4a09-980c-0ea12f65e138'[Date]";"2e2ccf6e-c7a1-433d-bd3c-e102099f44e1";True;"OneDirection";False;"RADIOTERAPIA";"FECHA";"Many";"LocalDateTable_6c66b7fe-0cf1-4a09-980c-0ea12f65e138";"Date";"One";"Ready";"Single"
409208;"ccd2c21d-5f50-46ea-8ff8-99d329969221";"'UNIDAD CARDIONEUROVASCULAR'[FECHA_SERVICIO] *[<-]1 'LocalDateTable_7728cfe5-1b4f-49eb-981b-d9eb4256b6d3'[Date]";"2e2ccf6e-c7a1-433d-bd3c-e102099f44e1";True;"OneDirection";False;"UNIDAD CARDIONEUROVASCULAR";"FECHA_SERVICIO";"Many";"LocalDateTable_7728cfe5-1b4f-49eb-981b-d9eb4256b6d3";"Date";"One";"Ready";"Single"
409209;"02836f4c-4eb5-4465-ad0f-6beea69f48da";"'UNIDAD CARDIONEUROVASCULAR'[FECHA] *[<-]1 'LocalDateTable_6af4337a-a6f2-43bc-a9ed-0af09b2d21e1'[Date]";"2e2ccf6e-c7a1-433d-bd3c-e102099f44e1";True;"OneDirection";False;"UNIDAD CARDIONEUROVASCULAR";"FECHA";"Many";"LocalDateTable_6af4337a-a6f2-43bc-a9ed-0af09b2d21e1";"Date";"One";"Ready";"Single"
556639;"c7fde60a-21a7-4044-80be-22918d27d7e1";"'PROMEDIO_ESTANCIA'[FECHA_SALIDA_SERV] *[<-]1 'LocalDateTable_c6c9bc76-e106-4d6a-93bd-b53a0b8d66a9'[Date]";"2e2ccf6e-c7a1-433d-bd3c-e102099f44e1";True;"OneDirection";False;"PROMEDIO_ESTANCIA";"FECHA_SALIDA_SERV";"Many";"LocalDateTable_c6c9bc76-e106-4d6a-93bd-b53a0b8d66a9";"Date";"One";"Ready";"Single"
556640;"11550a22-413c-4734-95bf-ad8ec59eb7e0";"'PROMEDIO_ESTANCIA'[FECHA] *[<-]1 'LocalDateTable_0741051d-a784-47a4-a41e-32116358492e'[Date]";"2e2ccf6e-c7a1-433d-bd3c-e102099f44e1";True;"OneDirection";False;"PROMEDIO_ESTANCIA";"FECHA";"Many";"LocalDateTable_0741051d-a784-47a4-a41e-32116358492e";"Date";"One";"Ready";"Single"
556641;"0cfd0d8a-ea42-4cb8-bd42-06bbd22033e2";"'PROMEDIO_ESTANCIA'[FECHA_INGRESO] *[<-]1 'LocalDateTable_60d9e697-45c6-4cc8-ab9a-cb3de2ea0daf'[Date]";"2e2ccf6e-c7a1-433d-bd3c-e102099f44e1";True;"OneDirection";False;"PROMEDIO_ESTANCIA";"FECHA_INGRESO";"Many";"LocalDateTable_60d9e697-45c6-4cc8-ab9a-cb3de2ea0daf";"Date";"One";"Ready";"Single"
556642;"b02544d4-8674-445d-80a9-c3036ef82e72";"'PROMEDIO_ESTANCIA'[FECHA_INGRESO_SERVICIO] *[<-]1 'LocalDateTable_9e7a955a-4e14-4e00-9136-e0e15351d8c7'[Date]";"2e2ccf6e-c7a1-433d-bd3c-e102099f44e1";True;"OneDirection";False;"PROMEDIO_ESTANCIA";"FECHA_INGRESO_SERVICIO";"Many";"LocalDateTable_9e7a955a-4e14-4e00-9136-e0e15351d8c7";"Date";"One";"Ready";"Single"
556643;"738aa574-36d8-489f-a949-b4b1a2b70b81";"'PROMEDIO_ESTANCIA'[FECHA_EGR] *[<-]1 'LocalDateTable_7c4ea561-fccc-4d3c-8855-11f8d20177f3'[Date]";"2e2ccf6e-c7a1-433d-bd3c-e102099f44e1";True;"OneDirection";False;"PROMEDIO_ESTANCIA";"FECHA_EGR";"Many";"LocalDateTable_7c4ea561-fccc-4d3c-8855-11f8d20177f3";"Date";"One";"Ready";"Single"
556644;"fd03da78-ad95-4043-b873-c43d2c03e8c5";"'PROMEDIO_ESTANCIA'[FECHA_EGRESO] *[<-]1 'LocalDateTable_92dd464b-e2e7-4f9b-a8ec-56b51a2e0577'[Date]";"2e2ccf6e-c7a1-433d-bd3c-e102099f44e1";True;"OneDirection";False;"PROMEDIO_ESTANCIA";"FECHA_EGRESO";"Many";"LocalDateTable_92dd464b-e2e7-4f9b-a8ec-56b51a2e0577";"Date";"One";"Ready";"Single"
564524;"74ce7545-ad92-d2be-4c98-813491b3ca00";"'PROMEDIO_ESTANCIA'[OidCama] *[<->]1 'CAMAS'[OID]";"2e2ccf6e-c7a1-433d-bd3c-e102099f44e1";True;"BothDirections";False;"PROMEDIO_ESTANCIA";"OidCama";"Many";"CAMAS";"OID";"One";"Ready";"Single"
668842;"7b873dc3-89ab-f0dd-1bc8-992396d8e312";"'PROMEDIO_ESTANCIA'[OID_ASEGURADORA] *[<-]1 'ASEGURADORAS'[OID]";"2e2ccf6e-c7a1-433d-bd3c-e102099f44e1";True;"OneDirection";False;"PROMEDIO_ESTANCIA";"OID_ASEGURADORA";"Many";"ASEGURADORAS";"OID";"One";"Ready";"Single"
563471;"58e5a72c-f8c6-2dca-b4c0-274ffae53e03";"'CAMAS'[HPNSUBGRU] *[<-]1 'UNIDAD'[OID]";"2e2ccf6e-c7a1-433d-bd3c-e102099f44e1";True;"OneDirection";False;"CAMAS";"HPNSUBGRU";"Many";"UNIDAD";"OID";"One";"Ready";"Single"
562092;"AutoDetected_53428537-9d48-4761-ae36-fd1d448e6f6b";"'SERVICIO'[OID] 1[<->]1 'ASEGURADORAS'[OID]";"2e2ccf6e-c7a1-433d-bd3c-e102099f44e1";True;"BothDirections";False;"SERVICIO";"OID";"One";"ASEGURADORAS";"OID";"One";"Ready";"Single"
4755994;"3c4db78e-3919-5bc5-076b-04e442f0c1c7";"'PARTOS_DRIVE'[FECHA_REAL] *[<-]1 'Calendario'[Date]";"2e2ccf6e-c7a1-433d-bd3c-e102099f44e1";True;"OneDirection";False;"PARTOS_DRIVE";"FECHA_REAL";"Many";"Calendario";"Date";"One";"Ready";"Single"
987340;"2c15ec62-4b6c-4101-849d-09a59d2be632";"'EGRESOS Y TRASLADOS'[FECHA_INGRESO_CAMA] *[<-]1 'LocalDateTable_058e66b7-704b-43f7-afc0-81a69284401d'[Date]";"2e2ccf6e-c7a1-433d-bd3c-e102099f44e1";True;"OneDirection";False;"EGRESOS Y TRASLADOS";"FECHA_INGRESO_CAMA";"Many";"LocalDateTable_058e66b7-704b-43f7-afc0-81a69284401d";"Date";"One";"Ready";"Single"
987341;"43fc432b-04ab-4b57-b000-48da8769cb22";"'EGRESOS Y TRASLADOS'[FECHA_EGRESO_CAMA] *[<-]1 'LocalDateTable_9647f585-f449-495d-9e18-e8ff38b3c511'[Date]";"2e2ccf6e-c7a1-433d-bd3c-e102099f44e1";True;"OneDirection";False;"EGRESOS Y TRASLADOS";"FECHA_EGRESO_CAMA";"Many";"LocalDateTable_9647f585-f449-495d-9e18-e8ff38b3c511";"Date";"One";"Ready";"Single"
987343;"31a115c8-2010-4e88-a359-468cde8244fc";"'EGRESOS Y TRASLADOS'[FECHA_INGRESO_INST] *[<-]1 'LocalDateTable_ebeb447a-abfc-49d8-ac73-777acd3bb194'[Date]";"2e2ccf6e-c7a1-433d-bd3c-e102099f44e1";True;"OneDirection";False;"EGRESOS Y TRASLADOS";"FECHA_INGRESO_INST";"Many";"LocalDateTable_ebeb447a-abfc-49d8-ac73-777acd3bb194";"Date";"One";"Ready";"Single"
987344;"59c9f337-5cf0-40b2-83f7-406852934228";"'EGRESOS Y TRASLADOS'[FECHA_EGRESO_FACTURACION] *[<-]1 'LocalDateTable_a2cb25e7-e5bc-4aaf-bb69-620ba17c65a6'[Date]";"2e2ccf6e-c7a1-433d-bd3c-e102099f44e1";True;"OneDirection";False;"EGRESOS Y TRASLADOS";"FECHA_EGRESO_FACTURACION";"Many";"LocalDateTable_a2cb25e7-e5bc-4aaf-bb69-620ba17c65a6";"Date";"One";"Ready";"Single"
994334;"2771b945-5b50-4bad-b8a1-58f68dcc2747";"'EGRESOS Y TRASLADOS'[FECHA_EGRESO_FINAL] *[<-]1 'LocalDateTable_4badb09a-ac87-4e70-9cc0-b28b4846f557'[Date]";"2e2ccf6e-c7a1-433d-bd3c-e102099f44e1";True;"OneDirection";False;"EGRESOS Y TRASLADOS";"FECHA_EGRESO_FINAL";"Many";"LocalDateTable_4badb09a-ac87-4e70-9cc0-b28b4846f557";"Date";"One";"Ready";"Single"
4755969;"f887924e-b0ab-3ac6-fabb-87b8e684a732";"'EGRESOS Y TRASLADOS'[FECHA] *[<-]1 'Calendario'[Date]";"2e2ccf6e-c7a1-433d-bd3c-e102099f44e1";True;"OneDirection";False;"EGRESOS Y TRASLADOS";"FECHA";"Many";"Calendario";"Date";"One";"Ready";"Single"
4755973;"ca93f6c1-e444-6fe9-2aa4-a72fc0364d6f";"'ATENCIONES_IMAGENES'[FECHA] 1[<->]1 'Calendario'[Date]";"2e2ccf6e-c7a1-433d-bd3c-e102099f44e1";True;"BothDirections";False;"ATENCIONES_IMAGENES";"FECHA";"One";"Calendario";"Date";"One";"Ready";"Single"
4755976;"6463c64c-b116-6f36-94f2-1d210ef87b63";"'ATENCIONES_LABORATORIO'[FECHA] 1[<->]1 'Calendario'[Date]";"2e2ccf6e-c7a1-433d-bd3c-e102099f44e1";True;"BothDirections";False;"ATENCIONES_LABORATORIO";"FECHA";"One";"Calendario";"Date";"One";"Ready";"Single"
4755975;"107f0e1c-4b16-d1fe-41c7-e7760e39ce6c";"'CIRUGIAS_ARC'[FECHA] 1[<->]1 'Calendario'[Date]";"2e2ccf6e-c7a1-433d-bd3c-e102099f44e1";True;"BothDirections";False;"CIRUGIAS_ARC";"FECHA";"One";"Calendario";"Date";"One";"Ready";"Single"
4755979;"b08cd20d-15d3-b4a3-685a-7510253381bf";"'CONSULTA_AMBULATORIAS'[FECHA] 1[<->]1 'Calendario'[Date]";"2e2ccf6e-c7a1-433d-bd3c-e102099f44e1";True;"BothDirections";False;"CONSULTA_AMBULATORIAS";"FECHA";"One";"Calendario";"Date";"One";"Ready";"Single"
4755971;"d39713a2-6e53-1b23-ff09-dcd99d464666";"'EGRESOS'[FECHA] 1[<->]1 'Calendario'[Date]";"2e2ccf6e-c7a1-433d-bd3c-e102099f44e1";True;"BothDirections";False;"EGRESOS";"FECHA";"One";"Calendario";"Date";"One";"Ready";"Single"
4755978;"482ec7ad-ca83-87c5-5000-bfb46d1ee37a";"'EGRESOS_GINECO'[FECHA] 1[<->]1 'Calendario'[Date]";"2e2ccf6e-c7a1-433d-bd3c-e102099f44e1";True;"BothDirections";False;"EGRESOS_GINECO";"FECHA";"One";"Calendario";"Date";"One";"Ready";"Single"
4755980;"e3855cd3-f974-ed9f-9865-7df5045444d3";"'EGRESOS_NEONATOS'[FECHA] 1[<->]1 'Calendario'[Date]";"2e2ccf6e-c7a1-433d-bd3c-e102099f44e1";True;"BothDirections";False;"EGRESOS_NEONATOS";"FECHA";"One";"Calendario";"Date";"One";"Ready";"Single"
4755974;"52052290-5cec-8679-41f7-5f14c69162a5";"'EGRESOS_UCI'[FECHA] 1[<->]1 'Calendario'[Date]";"2e2ccf6e-c7a1-433d-bd3c-e102099f44e1";True;"BothDirections";False;"EGRESOS_UCI";"FECHA";"One";"Calendario";"Date";"One";"Ready";"Single"
4755977;"4201784e-87c6-c20d-6008-50887dde5f9a";"'EGRESOS_URGENCIAS'[FECHA] 1[<->]1 'Calendario'[Date]";"2e2ccf6e-c7a1-433d-bd3c-e102099f44e1";True;"BothDirections";False;"EGRESOS_URGENCIAS";"FECHA";"One";"Calendario";"Date";"One";"Ready";"Single"
1386400;"04aee3a7-3eb0-4ff9-a965-74540349d912";"'CONSULTAS PRIORITARIAS'[FECHA_CITA] *[<-]1 'LocalDateTable_fafcc6bf-0f0a-4379-b38e-60c5de1dcc1d'[Date]";"2e2ccf6e-c7a1-433d-bd3c-e102099f44e1";True;"OneDirection";False;"CONSULTAS PRIORITARIAS";"FECHA_CITA";"Many";"LocalDateTable_fafcc6bf-0f0a-4379-b38e-60c5de1dcc1d";"Date";"One";"Ready";"Single"
4755981;"452b620f-3ac6-cfae-5d51-60d89147e665";"'CONSULTAS PRIORITARIAS'[FECHA] *[<-]1 'Calendario'[Date]";"2e2ccf6e-c7a1-433d-bd3c-e102099f44e1";True;"OneDirection";False;"CONSULTAS PRIORITARIAS";"FECHA";"Many";"Calendario";"Date";"One";"Ready";"Single"
4755982;"aadb670c-1f48-f95c-27f5-e8e39453a072";"'CONSULTAS SIN TRIAGE'[FECHA] *[<-]1 'Calendario'[Date]";"2e2ccf6e-c7a1-433d-bd3c-e102099f44e1";True;"OneDirection";False;"CONSULTAS SIN TRIAGE";"FECHA";"Many";"Calendario";"Date";"One";"Ready";"Single"
1508538;"c505df70-72bc-45e2-a0df-ce3824e8266c";"'EGRESOS_POR_SERVICIO'[FECHA_INGRESO] *[<-]1 'LocalDateTable_86eeab46-2ead-446a-852e-cade7d0ae018'[Date]";"2e2ccf6e-c7a1-433d-bd3c-e102099f44e1";True;"OneDirection";False;"EGRESOS_POR_SERVICIO";"FECHA_INGRESO";"Many";"LocalDateTable_86eeab46-2ead-446a-852e-cade7d0ae018";"Date";"One";"Ready";"Single"
1514160;"1630dcc0-5200-d3bf-0ecd-32c7f9ff3b53";"'EGRESOS_POR_SERVICIO'[CAMA] *[<->]* 'CAMAS'[HCACODIGO]";"2e2ccf6e-c7a1-433d-bd3c-e102099f44e1";True;"BothDirections";False;"EGRESOS_POR_SERVICIO";"CAMA";"Many";"CAMAS";"HCACODIGO";"Many";"Ready";"Single"
4755983;"3e62e06b-c3df-0cb8-2f88-db8b6833cf01";"'EGRESOS_POR_SERVICIO'[FECHA_EGRESO] *[<-]1 'Calendario'[Date]";"2e2ccf6e-c7a1-433d-bd3c-e102099f44e1";True;"OneDirection";False;"EGRESOS_POR_SERVICIO";"FECHA_EGRESO";"Many";"Calendario";"Date";"One";"Ready";"Single"
1610517;"3dd28c0f-a509-4c65-b31c-83fd2822af25";"'TRASLADOS_POR_SERVICIO'[FECHA_INGRESO] *[<-]1 'LocalDateTable_67079da1-6a1b-4bf6-b32c-25aed1949e71'[Date]";"2e2ccf6e-c7a1-433d-bd3c-e102099f44e1";True;"OneDirection";False;"TRASLADOS_POR_SERVICIO";"FECHA_INGRESO";"Many";"LocalDateTable_67079da1-6a1b-4bf6-b32c-25aed1949e71";"Date";"One";"Ready";"Single"
4755984;"8a30b27c-2d82-d72b-7b95-c6a5a4b8ba94";"'TRASLADOS_POR_SERVICIO'[FECHA_EGRESO] *[<-]1 'Calendario'[Date]";"2e2ccf6e-c7a1-433d-bd3c-e102099f44e1";True;"OneDirection";False;"TRASLADOS_POR_SERVICIO";"FECHA_EGRESO";"Many";"Calendario";"Date";"One";"Ready";"Single"
4755985;"d23bdf75-0568-3165-af21-95557c020913";"'CAMAS HABILITADAS'[fechades] *[<-]1 'Calendario'[Date]";"2e2ccf6e-c7a1-433d-bd3c-e102099f44e1";True;"OneDirection";False;"CAMAS HABILITADAS";"fechades";"Many";"Calendario";"Date";"One";"Ready";"Single"
1787568;"7eb58242-695c-49e7-a447-efcfc5f7974b";"'CONSULTAS_AMBULATORIAS'[FECHA_ASIGNA_CITA] *[<-]1 'LocalDateTable_c45a8477-a1e7-4042-b7ec-0c795e3e9a23'[Date]";"2e2ccf6e-c7a1-433d-bd3c-e102099f44e1";True;"OneDirection";False;"CONSULTAS_AMBULATORIAS";"FECHA_ASIGNA_CITA";"Many";"LocalDateTable_c45a8477-a1e7-4042-b7ec-0c795e3e9a23";"Date";"One";"Ready";"Single"
4755993;"879565a5-0c71-5538-05d0-22d353f52860";"'CONSULTAS_AMBULATORIAS'[FECHA_CITA] *[<-]1 'Calendario'[Date]";"2e2ccf6e-c7a1-433d-bd3c-e102099f44e1";True;"OneDirection";False;"CONSULTAS_AMBULATORIAS";"FECHA_CITA";"Many";"Calendario";"Date";"One";"Ready";"Single"
2420411;"735febbf-b8c7-4361-b8a1-e1623945149b";"'OPORTUNIDAD CIRUGIA'[Planeada] *[<-]1 'LocalDateTable_1d019be7-4b1e-4447-9b57-6174731d3b68'[Date]";"2e2ccf6e-c7a1-433d-bd3c-e102099f44e1";True;"OneDirection";False;"OPORTUNIDAD CIRUGIA";"Planeada";"Many";"LocalDateTable_1d019be7-4b1e-4447-9b57-6174731d3b68";"Date";"One";"Ready";"Single"
2420412;"9e2ce449-29ad-4937-a58d-f1589aa416af";"'OPORTUNIDAD CIRUGIA'[Paciente en Consulta Externa] *[<-]1 'LocalDateTable_205926f5-198e-4c73-b8e7-2c36a16ec02f'[Date]";"2e2ccf6e-c7a1-433d-bd3c-e102099f44e1";True;"OneDirection";False;"OPORTUNIDAD CIRUGIA";"Paciente en Consulta Externa";"Many";"LocalDateTable_205926f5-198e-4c73-b8e7-2c36a16ec02f";"Date";"One";"Ready";"Single"
2420413;"71ae020c-9d32-44dc-9e01-9dcd0eb9cc1b";"'OPORTUNIDAD CIRUGIA'[Paciente por Autorizar] *[<-]1 'LocalDateTable_500fb24f-5af0-4f68-92e1-4a09045cc415'[Date]";"2e2ccf6e-c7a1-433d-bd3c-e102099f44e1";True;"OneDirection";False;"OPORTUNIDAD CIRUGIA";"Paciente por Autorizar";"Many";"LocalDateTable_500fb24f-5af0-4f68-92e1-4a09045cc415";"Date";"One";"Ready";"Single"
2420414;"ec03398c-1ae4-43f0-9205-1545bf0d979a";"'OPORTUNIDAD CIRUGIA'[Documentación Entregada por Facturación] *[<-]1 'LocalDateTable_49d8b6ca-9af5-4e00-b54d-5e4372567148'[Date]";"2e2ccf6e-c7a1-433d-bd3c-e102099f44e1";True;"OneDirection";False;"OPORTUNIDAD CIRUGIA";"Documentación Entregada por Facturación";"Many";"LocalDateTable_49d8b6ca-9af5-4e00-b54d-5e4372567148";"Date";"One";"Ready";"Single"
2420415;"7b70e397-cc99-43e1-8311-8f25dcc3ab43";"'OPORTUNIDAD CIRUGIA'[Paciente No Autorizado] *[<-]1 'LocalDateTable_f85df20b-e705-45df-a3d7-797164a89816'[Date]";"2e2ccf6e-c7a1-433d-bd3c-e102099f44e1";True;"OneDirection";False;"OPORTUNIDAD CIRUGIA";"Paciente No Autorizado";"Many";"LocalDateTable_f85df20b-e705-45df-a3d7-797164a89816";"Date";"One";"Ready";"Single"
2420416;"3052efbc-cf40-4de5-a30d-d123133af91c";"'OPORTUNIDAD CIRUGIA'[Paciente En Espera Pre anestesico] *[<-]1 'LocalDateTable_ae12351b-eaf4-48d9-bb47-8b6fe3908119'[Date]";"2e2ccf6e-c7a1-433d-bd3c-e102099f44e1";True;"OneDirection";False;"OPORTUNIDAD CIRUGIA";"Paciente En Espera Pre anestesico";"Many";"LocalDateTable_ae12351b-eaf4-48d9-bb47-8b6fe3908119";"Date";"One";"Ready";"Single"
2420417;"26530680-16f8-430a-8202-66ad45324463";"'OPORTUNIDAD CIRUGIA'[Paciente En Espera Programacion] *[<-]1 'LocalDateTable_724af57f-9d92-431d-8f8e-dc462456bfcc'[Date]";"2e2ccf6e-c7a1-433d-bd3c-e102099f44e1";True;"OneDirection";False;"OPORTUNIDAD CIRUGIA";"Paciente En Espera Programacion";"Many";"LocalDateTable_724af57f-9d92-431d-8f8e-dc462456bfcc";"Date";"One";"Ready";"Single"
2420418;"26ebb125-a255-45db-9a91-2a44068c8b1e";"'OPORTUNIDAD CIRUGIA'[Paciente En Tramite Clinico/ADM] *[<-]1 'LocalDateTable_3b2ca12b-d423-4593-941b-690c8dbda4a0'[Date]";"2e2ccf6e-c7a1-433d-bd3c-e102099f44e1";True;"OneDirection";False;"OPORTUNIDAD CIRUGIA";"Paciente En Tramite Clinico/ADM";"Many";"LocalDateTable_3b2ca12b-d423-4593-941b-690c8dbda4a0";"Date";"One";"Ready";"Single"
2420419;"be860893-a325-479c-9f27-2495c2d6d513";"'OPORTUNIDAD CIRUGIA'[Paciente Programado] *[<-]1 'LocalDateTable_a882a1de-79d9-420e-83ca-673ef5887871'[Date]";"2e2ccf6e-c7a1-433d-bd3c-e102099f44e1";True;"OneDirection";False;"OPORTUNIDAD CIRUGIA";"Paciente Programado";"Many";"LocalDateTable_a882a1de-79d9-420e-83ca-673ef5887871";"Date";"One";"Ready";"Single"
2420420;"5f27d54c-6d4c-4bc3-9824-9d6ed9ba6968";"'OPORTUNIDAD CIRUGIA'[Paciente en Sala de Espera] *[<-]1 'LocalDateTable_b8380458-d1e2-47bd-bf85-0080e8db6f57'[Date]";"2e2ccf6e-c7a1-433d-bd3c-e102099f44e1";True;"OneDirection";False;"OPORTUNIDAD CIRUGIA";"Paciente en Sala de Espera";"Many";"LocalDateTable_b8380458-d1e2-47bd-bf85-0080e8db6f57";"Date";"One";"Ready";"Single"
2420421;"a4f4a9f5-f973-405b-969d-1c5fa7886fd4";"'OPORTUNIDAD CIRUGIA'[Paciente en Quirofano] *[<-]1 'LocalDateTable_d2ae1c67-8e76-4127-89f0-ad339eb03c03'[Date]";"2e2ccf6e-c7a1-433d-bd3c-e102099f44e1";True;"OneDirection";False;"OPORTUNIDAD CIRUGIA";"Paciente en Quirofano";"Many";"LocalDateTable_d2ae1c67-8e76-4127-89f0-ad339eb03c03";"Date";"One";"Ready";"Single"
2420422;"3d9b3fb6-d9af-4350-9c6c-129018aaf717";"'OPORTUNIDAD CIRUGIA'[Paciente en Recuperacion] *[<-]1 'LocalDateTable_815ca82d-535c-4f8c-bfe2-7eb4cc426ad4'[Date]";"2e2ccf6e-c7a1-433d-bd3c-e102099f44e1";True;"OneDirection";False;"OPORTUNIDAD CIRUGIA";"Paciente en Recuperacion";"Many";"LocalDateTable_815ca82d-535c-4f8c-bfe2-7eb4cc426ad4";"Date";"One";"Ready";"Single"
2420423;"aedf8231-8f45-430d-a063-72cd5d7869b8";"'OPORTUNIDAD CIRUGIA'[Paciente En Salida] *[<-]1 'LocalDateTable_89c7fc6a-f48d-46c1-b2cc-5fb6940adf3d'[Date]";"2e2ccf6e-c7a1-433d-bd3c-e102099f44e1";True;"OneDirection";False;"OPORTUNIDAD CIRUGIA";"Paciente En Salida";"Many";"LocalDateTable_89c7fc6a-f48d-46c1-b2cc-5fb6940adf3d";"Date";"One";"Ready";"Single"
2420424;"3ddebbee-29c1-43e0-ab3a-841283464330";"'OPORTUNIDAD CIRUGIA'[Paciente Cancelado] *[<-]1 'LocalDateTable_1bae119e-6d08-4330-a7e2-4ec09c8aabab'[Date]";"2e2ccf6e-c7a1-433d-bd3c-e102099f44e1";True;"OneDirection";False;"OPORTUNIDAD CIRUGIA";"Paciente Cancelado";"Many";"LocalDateTable_1bae119e-6d08-4330-a7e2-4ec09c8aabab";"Date";"One";"Ready";"Single"
8243739;"ba77740f-9f16-29bf-971f-4eac4574ff80";"'OPORTUNIDAD CIRUGIA'[FECHA] *[<-]1 'Calendario'[Date]";"2e2ccf6e-c7a1-433d-bd3c-e102099f44e1";True;"OneDirection";False;"OPORTUNIDAD CIRUGIA";"FECHA";"Many";"Calendario";"Date";"One";"Ready";"Single"
8244624;"50230152-0f53-8bfc-6958-fd6a1e926dda";"'OPORTUNIDAD CIRUGIA'[TERCERO] *[<-]1 'TERCERO'[OID]";"2e2ccf6e-c7a1-433d-bd3c-e102099f44e1";True;"OneDirection";False;"OPORTUNIDAD CIRUGIA";"TERCERO";"Many";"TERCERO";"OID";"One";"Ready";"Single"
4755988;"e8196e47-cef7-60e4-da8f-35423aa45509";"'UNIDAD_CARDIOVASCULAR'[FECHA_SERVICIO] *[<-]1 'Calendario'[Date]";"2e2ccf6e-c7a1-433d-bd3c-e102099f44e1";True;"OneDirection";False;"UNIDAD_CARDIOVASCULAR";"FECHA_SERVICIO";"Many";"Calendario";"Date";"One";"Ready";"Single"
3029208;"6c0d8021-573d-40cc-8599-15706ef975a5";"'CIRUGIAS_PENDIENTES'[Planeada] *[<-]1 'LocalDateTable_99d0d310-fc7f-43a1-bbea-6f656bb02599'[Date]";"2e2ccf6e-c7a1-433d-bd3c-e102099f44e1";True;"OneDirection";False;"CIRUGIAS_PENDIENTES";"Planeada";"Many";"LocalDateTable_99d0d310-fc7f-43a1-bbea-6f656bb02599";"Date";"One";"Ready";"Single"
3029209;"12af3e34-41e1-4f97-8695-61093bad6076";"'CIRUGIAS_PENDIENTES'[Paciente en Consulta Externa] *[<-]1 'LocalDateTable_64c15279-e8c0-4c04-9991-9aef99c7a726'[Date]";"2e2ccf6e-c7a1-433d-bd3c-e102099f44e1";True;"OneDirection";False;"CIRUGIAS_PENDIENTES";"Paciente en Consulta Externa";"Many";"LocalDateTable_64c15279-e8c0-4c04-9991-9aef99c7a726";"Date";"One";"Ready";"Single"
3029210;"866ef683-9b28-4ace-8fb8-c630ecc866d9";"'CIRUGIAS_PENDIENTES'[Paciente por Autorizar] *[<-]1 'LocalDateTable_47b477f8-6b89-4988-96c9-2275274a8ef7'[Date]";"2e2ccf6e-c7a1-433d-bd3c-e102099f44e1";True;"OneDirection";False;"CIRUGIAS_PENDIENTES";"Paciente por Autorizar";"Many";"LocalDateTable_47b477f8-6b89-4988-96c9-2275274a8ef7";"Date";"One";"Ready";"Single"
3029211;"4303c61b-3bea-4c9f-9d09-9ac55ef07833";"'CIRUGIAS_PENDIENTES'[Documentación Entregada por Facturación] *[<-]1 'LocalDateTable_29da6148-fb4a-45ee-bf52-293b56c2217f'[Date]";"2e2ccf6e-c7a1-433d-bd3c-e102099f44e1";True;"OneDirection";False;"CIRUGIAS_PENDIENTES";"Documentación Entregada por Facturación";"Many";"LocalDateTable_29da6148-fb4a-45ee-bf52-293b56c2217f";"Date";"One";"Ready";"Single"
3029212;"640c2512-0194-4d8d-8b1b-eb19ed303872";"'CIRUGIAS_PENDIENTES'[Paciente No Autorizado] *[<-]1 'LocalDateTable_38a465d0-3b00-4290-969a-ba436c07b658'[Date]";"2e2ccf6e-c7a1-433d-bd3c-e102099f44e1";True;"OneDirection";False;"CIRUGIAS_PENDIENTES";"Paciente No Autorizado";"Many";"LocalDateTable_38a465d0-3b00-4290-969a-ba436c07b658";"Date";"One";"Ready";"Single"
3029213;"45c1bda5-7bff-4517-9a55-10b0dc1c8ef7";"'CIRUGIAS_PENDIENTES'[Paciente En Espera Pre anestesico] *[<-]1 'LocalDateTable_5b6ffbbf-e8e1-4dc0-abdb-e1ccdb528fb3'[Date]";"2e2ccf6e-c7a1-433d-bd3c-e102099f44e1";True;"OneDirection";False;"CIRUGIAS_PENDIENTES";"Paciente En Espera Pre anestesico";"Many";"LocalDateTable_5b6ffbbf-e8e1-4dc0-abdb-e1ccdb528fb3";"Date";"One";"Ready";"Single"
3029214;"dca7aeb2-ef93-4c00-8e03-2a72d1304a4b";"'CIRUGIAS_PENDIENTES'[Paciente En Espera Programacion] *[<-]1 'LocalDateTable_b5637514-9587-44b1-8cff-12155eeb5ed0'[Date]";"2e2ccf6e-c7a1-433d-bd3c-e102099f44e1";True;"OneDirection";False;"CIRUGIAS_PENDIENTES";"Paciente En Espera Programacion";"Many";"LocalDateTable_b5637514-9587-44b1-8cff-12155eeb5ed0";"Date";"One";"Ready";"Single"
3029215;"d7b4cd72-ebdb-4bd8-b8e3-fc7f21955bd3";"'CIRUGIAS_PENDIENTES'[Paciente En Tramite Clinico/ADM] *[<-]1 'LocalDateTable_80b6f56c-4952-40aa-a933-981568216354'[Date]";"2e2ccf6e-c7a1-433d-bd3c-e102099f44e1";True;"OneDirection";False;"CIRUGIAS_PENDIENTES";"Paciente En Tramite Clinico/ADM";"Many";"LocalDateTable_80b6f56c-4952-40aa-a933-981568216354";"Date";"One";"Ready";"Single"
3029216;"017cb10f-83bf-454d-bdd6-b7c492d1d88d";"'CIRUGIAS_PENDIENTES'[Paciente Programado] *[<-]1 'LocalDateTable_b4e14cf6-a6e1-4b6a-9ae9-3860dcd98754'[Date]";"2e2ccf6e-c7a1-433d-bd3c-e102099f44e1";True;"OneDirection";False;"CIRUGIAS_PENDIENTES";"Paciente Programado";"Many";"LocalDateTable_b4e14cf6-a6e1-4b6a-9ae9-3860dcd98754";"Date";"One";"Ready";"Single"
3029217;"2653e0e3-e5ad-4b98-a901-1baaaec00c56";"'CIRUGIAS_PENDIENTES'[Paciente en Sala de Espera] *[<-]1 'LocalDateTable_8428e5e4-55c6-4447-aead-0d081c9bb25d'[Date]";"2e2ccf6e-c7a1-433d-bd3c-e102099f44e1";True;"OneDirection";False;"CIRUGIAS_PENDIENTES";"Paciente en Sala de Espera";"Many";"LocalDateTable_8428e5e4-55c6-4447-aead-0d081c9bb25d";"Date";"One";"Ready";"Single"
3029218;"26974f2d-019a-4193-ac7e-669dca1493d2";"'CIRUGIAS_PENDIENTES'[Paciente en Quirofano] *[<-]1 'LocalDateTable_4ea06d15-f5ce-4137-b87a-8fcb0e9f14a2'[Date]";"2e2ccf6e-c7a1-433d-bd3c-e102099f44e1";True;"OneDirection";False;"CIRUGIAS_PENDIENTES";"Paciente en Quirofano";"Many";"LocalDateTable_4ea06d15-f5ce-4137-b87a-8fcb0e9f14a2";"Date";"One";"Ready";"Single"
3029219;"ff8bb8ff-c383-45fe-805b-346bee6691ef";"'CIRUGIAS_PENDIENTES'[Paciente en Recuperacion] *[<-]1 'LocalDateTable_70b45636-4690-40d5-85e8-a82f55ee4364'[Date]";"2e2ccf6e-c7a1-433d-bd3c-e102099f44e1";True;"OneDirection";False;"CIRUGIAS_PENDIENTES";"Paciente en Recuperacion";"Many";"LocalDateTable_70b45636-4690-40d5-85e8-a82f55ee4364";"Date";"One";"Ready";"Single"
3029220;"b8ba19c3-d1e3-4597-888a-987ccafe26e8";"'CIRUGIAS_PENDIENTES'[Paciente En Salida] *[<-]1 'LocalDateTable_f426ba51-ba2b-402a-bb9e-a302366154f9'[Date]";"2e2ccf6e-c7a1-433d-bd3c-e102099f44e1";True;"OneDirection";False;"CIRUGIAS_PENDIENTES";"Paciente En Salida";"Many";"LocalDateTable_f426ba51-ba2b-402a-bb9e-a302366154f9";"Date";"One";"Ready";"Single"
3029221;"31b5eae0-5618-410a-82cb-5927321b3a4b";"'CIRUGIAS_PENDIENTES'[Paciente Cancelado] *[<-]1 'LocalDateTable_44d7158c-b006-427e-892d-d838e53e337c'[Date]";"2e2ccf6e-c7a1-433d-bd3c-e102099f44e1";True;"OneDirection";False;"CIRUGIAS_PENDIENTES";"Paciente Cancelado";"Many";"LocalDateTable_44d7158c-b006-427e-892d-d838e53e337c";"Date";"One";"Ready";"Single"
4755987;"0a19ebbc-4be6-be30-501f-8980720c0281";"'CIRUGIAS_PENDIENTES'[FECHA] *[<-]1 'Calendario'[Date]";"2e2ccf6e-c7a1-433d-bd3c-e102099f44e1";True;"OneDirection";False;"CIRUGIAS_PENDIENTES";"FECHA";"Many";"Calendario";"Date";"One";"Ready";"Single"
4755989;"66d5d9a5-3f2a-53bb-9c35-928e5dd04f19";"'CONSOLIDADO_IMAGENES_2025'[FECHA] *[<-]1 'Calendario'[Date]";"2e2ccf6e-c7a1-433d-bd3c-e102099f44e1";True;"OneDirection";False;"CONSOLIDADO_IMAGENES_2025";"FECHA";"Many";"Calendario";"Date";"One";"Ready";"Single"
3540725;"d6ad9448-0010-44b0-9583-9f3e88c2febe";"'HOSPITALIZACION_PARCIAL'[FECHA_INGRESO_CAMA] *[<-]1 'LocalDateTable_3ccc4380-0435-474b-88c1-0ec1d0ecaf3c'[Date]";"2e2ccf6e-c7a1-433d-bd3c-e102099f44e1";True;"OneDirection";False;"HOSPITALIZACION_PARCIAL";"FECHA_INGRESO_CAMA";"Many";"LocalDateTable_3ccc4380-0435-474b-88c1-0ec1d0ecaf3c";"Date";"One";"Ready";"Single"
3540726;"4aecd6fa-63f0-48ae-9a05-c4cb0f1b4f5b";"'HOSPITALIZACION_PARCIAL'[FECHA_EGRESO_CAMA] *[<-]1 'LocalDateTable_57d8d861-1e4a-4ad1-ab22-76a2aeb7f08c'[Date]";"2e2ccf6e-c7a1-433d-bd3c-e102099f44e1";True;"OneDirection";False;"HOSPITALIZACION_PARCIAL";"FECHA_EGRESO_CAMA";"Many";"LocalDateTable_57d8d861-1e4a-4ad1-ab22-76a2aeb7f08c";"Date";"One";"Ready";"Single"
3540728;"a4950fb8-bb51-43dd-a093-d48ea397ad98";"'HOSPITALIZACION_PARCIAL'[FECHA_INGRESO_INST] *[<-]1 'LocalDateTable_37259e27-e88c-4c36-a24d-2e8342183217'[Date]";"2e2ccf6e-c7a1-433d-bd3c-e102099f44e1";True;"OneDirection";False;"HOSPITALIZACION_PARCIAL";"FECHA_INGRESO_INST";"Many";"LocalDateTable_37259e27-e88c-4c36-a24d-2e8342183217";"Date";"One";"Ready";"Single"
3540729;"35aa0e1a-d2a2-4ad9-9f98-080b91192c44";"'HOSPITALIZACION_PARCIAL'[FECHA_EGRESO_FACTURACION] *[<-]1 'LocalDateTable_03567001-b069-44a7-a247-6e46382e05c0'[Date]";"2e2ccf6e-c7a1-433d-bd3c-e102099f44e1";True;"OneDirection";False;"HOSPITALIZACION_PARCIAL";"FECHA_EGRESO_FACTURACION";"Many";"LocalDateTable_03567001-b069-44a7-a247-6e46382e05c0";"Date";"One";"Ready";"Single"
3612722;"c65b9e36-9a80-4cdc-be2a-ccbe11db0c7c";"'HOSPITALIZACION_PARCIAL'[FECHA_EGRESO_FINAL] *[<-]1 'LocalDateTable_a5cc91bc-be4c-4d25-b1fc-5b3b441fbd7c'[Date]";"2e2ccf6e-c7a1-433d-bd3c-e102099f44e1";True;"OneDirection";False;"HOSPITALIZACION_PARCIAL";"FECHA_EGRESO_FINAL";"Many";"LocalDateTable_a5cc91bc-be4c-4d25-b1fc-5b3b441fbd7c";"Date";"One";"Ready";"Single"
4755990;"b898aa9f-902f-4b41-694c-e28365aff8c4";"'HOSPITALIZACION_PARCIAL'[FECHA] *[<-]1 'Calendario'[Date]";"2e2ccf6e-c7a1-433d-bd3c-e102099f44e1";True;"OneDirection";False;"HOSPITALIZACION_PARCIAL";"FECHA";"Many";"Calendario";"Date";"One";"Ready";"Single"
3613831;"e4dd8215-eb11-494f-b96d-9b24c2c4bce1";"'ATENCION DOMICILIARIA'[FECHA_INGRESO_CAMA] *[<-]1 'LocalDateTable_3cd70fc0-4d84-44e6-be3b-070d7264ea59'[Date]";"2e2ccf6e-c7a1-433d-bd3c-e102099f44e1";True;"OneDirection";False;"ATENCION DOMICILIARIA";"FECHA_INGRESO_CAMA";"Many";"LocalDateTable_3cd70fc0-4d84-44e6-be3b-070d7264ea59";"Date";"One";"Ready";"Single"
3613832;"b849ed90-938a-4d6b-a7e0-96fa7a47dbf7";"'ATENCION DOMICILIARIA'[FECHA_EGRESO_CAMA] *[<-]1 'LocalDateTable_4fbe9367-c61c-4ef2-9607-558bf4896899'[Date]";"2e2ccf6e-c7a1-433d-bd3c-e102099f44e1";True;"OneDirection";False;"ATENCION DOMICILIARIA";"FECHA_EGRESO_CAMA";"Many";"LocalDateTable_4fbe9367-c61c-4ef2-9607-558bf4896899";"Date";"One";"Ready";"Single"
3613833;"8dd5cbd3-c7dd-48cd-9b94-caf318a8f0e1";"'ATENCION DOMICILIARIA'[FECHA_EGRESO_FINAL] *[<-]1 'LocalDateTable_27465467-6d81-4bfa-88f2-68edc797ed76'[Date]";"2e2ccf6e-c7a1-433d-bd3c-e102099f44e1";True;"OneDirection";False;"ATENCION DOMICILIARIA";"FECHA_EGRESO_FINAL";"Many";"LocalDateTable_27465467-6d81-4bfa-88f2-68edc797ed76";"Date";"One";"Ready";"Single"
3613834;"07a545da-8a9d-40c2-a40c-2caea5283e53";"'ATENCION DOMICILIARIA'[FECHA_INGRESO_INST] *[<-]1 'LocalDateTable_06dac1dc-0715-481a-9ac0-c0b0356653e0'[Date]";"2e2ccf6e-c7a1-433d-bd3c-e102099f44e1";True;"OneDirection";False;"ATENCION DOMICILIARIA";"FECHA_INGRESO_INST";"Many";"LocalDateTable_06dac1dc-0715-481a-9ac0-c0b0356653e0";"Date";"One";"Ready";"Single"
3613835;"977484ad-0ba6-48b4-8a1d-c38dcca3988a";"'ATENCION DOMICILIARIA'[FECHA_EGRESO_FACTURACION] *[<-]1 'LocalDateTable_afd97080-68cd-41f4-badd-f52ad2f34c0a'[Date]";"2e2ccf6e-c7a1-433d-bd3c-e102099f44e1";True;"OneDirection";False;"ATENCION DOMICILIARIA";"FECHA_EGRESO_FACTURACION";"Many";"LocalDateTable_afd97080-68cd-41f4-badd-f52ad2f34c0a";"Date";"One";"Ready";"Single"
4755991;"0b96aede-37d8-bb9c-a17f-1a75a86f4bc9";"'ATENCION DOMICILIARIA'[FECHA] *[<-]1 'Calendario'[Date]";"2e2ccf6e-c7a1-433d-bd3c-e102099f44e1";True;"OneDirection";False;"ATENCION DOMICILIARIA";"FECHA";"Many";"Calendario";"Date";"One";"Ready";"Single"
4960147;"b4552a1a-8220-4add-9e42-a6f666af052f";"'FACT_EGRESOS'[FECHA_ADMISION] *[<-]1 'LocalDateTable_ad08a943-f408-4c5b-a38e-e60ecc23ca67'[Date]";"2e2ccf6e-c7a1-433d-bd3c-e102099f44e1";True;"OneDirection";False;"FACT_EGRESOS";"FECHA_ADMISION";"Many";"LocalDateTable_ad08a943-f408-4c5b-a38e-e60ecc23ca67";"Date";"One";"Ready";"Single"
5552731;"AutoDetected_1e75079c-04e2-4cf8-a591-81267bc98c24";"'FACT_EGRESOS'[SERVICIO_HOMOLOGADO] *[<-]1 'DIM_SERVICIO'[SERVICIO_HOMOLOGADO]";"2e2ccf6e-c7a1-433d-bd3c-e102099f44e1";True;"OneDirection";False;"FACT_EGRESOS";"SERVICIO_HOMOLOGADO";"Many";"DIM_SERVICIO";"SERVICIO_HOMOLOGADO";"One";"Ready";"Single"
6156189;"51795acd-5f4e-47ee-9126-901b032d682a";"'FACT_EGRESOS'[EGRESO_EPICRISIS] *[<-]1 'LocalDateTable_38204903-9b9f-49e9-b82d-554d01f65f83'[Date]";"2e2ccf6e-c7a1-433d-bd3c-e102099f44e1";True;"OneDirection";False;"FACT_EGRESOS";"EGRESO_EPICRISIS";"Many";"LocalDateTable_38204903-9b9f-49e9-b82d-554d01f65f83";"Date";"One";"Ready";"Single"
6156190;"dc40de08-ef12-d757-46ea-26693dca4283";"'FACT_EGRESOS'[EGRESO_FACTURACION] *[<-]1 'Calendario'[Date]";"2e2ccf6e-c7a1-433d-bd3c-e102099f44e1";True;"OneDirection";False;"FACT_EGRESOS";"EGRESO_FACTURACION";"Many";"Calendario";"Date";"One";"Ready";"Single"
8048860;"4bfb597d-8fb4-2651-df71-17ebdb30275e";"'FACT_EGRESOS'[ENTIDAD] *[<-]1 'TERCERO'[OID]";"2e2ccf6e-c7a1-433d-bd3c-e102099f44e1";True;"OneDirection";False;"FACT_EGRESOS";"ENTIDAD";"Many";"TERCERO";"OID";"One";"Ready";"Single"
5456698;"8c64157f-cf3f-4c75-abab-2fa00d15cd6f";"'FACT_ESTANCIA'[FECHA_INGRESO] *[<-]1 'LocalDateTable_9cda7ada-0277-4871-974d-2a3bb03d75f3'[Date]";"2e2ccf6e-c7a1-433d-bd3c-e102099f44e1";True;"OneDirection";False;"FACT_ESTANCIA";"FECHA_INGRESO";"Many";"LocalDateTable_9cda7ada-0277-4871-974d-2a3bb03d75f3";"Date";"One";"Ready";"Single"
5456699;"df47f061-9f0e-49b5-bebd-5115ea5aa154";"'FACT_ESTANCIA'[INGRESO_CAMA] *[<-]1 'LocalDateTable_7fccc83d-043a-4364-9068-9b643b491300'[Date]";"2e2ccf6e-c7a1-433d-bd3c-e102099f44e1";True;"OneDirection";False;"FACT_ESTANCIA";"INGRESO_CAMA";"Many";"LocalDateTable_7fccc83d-043a-4364-9068-9b643b491300";"Date";"One";"Ready";"Single"
5456700;"9b7d36a8-28d2-43eb-a22d-8f5d68c42803";"'FACT_ESTANCIA'[EGRESO_CAMA] *[<-]1 'LocalDateTable_60bc3055-891f-4613-b2f0-8c1c300b1dde'[Date]";"2e2ccf6e-c7a1-433d-bd3c-e102099f44e1";True;"OneDirection";False;"FACT_ESTANCIA";"EGRESO_CAMA";"Many";"LocalDateTable_60bc3055-891f-4613-b2f0-8c1c300b1dde";"Date";"One";"Ready";"Single"
5552732;"AutoDetected_10857ab2-09aa-425a-9b53-36913db5a842";"'FACT_ESTANCIA'[SERVICIO_HOMOLOGADO] *[<-]1 'DIM_SERVICIO'[SERVICIO_HOMOLOGADO]";"2e2ccf6e-c7a1-433d-bd3c-e102099f44e1";True;"OneDirection";False;"FACT_ESTANCIA";"SERVICIO_HOMOLOGADO";"Many";"DIM_SERVICIO";"SERVICIO_HOMOLOGADO";"One";"Ready";"Single"
8049745;"85ac61bb-a398-5375-9714-0b58b714ad59";"'FACT_ESTANCIA'[ENTIDAD] *[<-]1 'TERCERO'[OID]";"2e2ccf6e-c7a1-433d-bd3c-e102099f44e1";True;"OneDirection";False;"FACT_ESTANCIA";"ENTIDAD";"Many";"TERCERO";"OID";"One";"Ready";"Single"
6164073;"2a800857-4266-4902-914f-cea6b3dcbfb4";"'PORCENTAJE_OCUPACIONAL'[FECHA_EGR] *[<-]1 'LocalDateTable_b2587bf2-0d3f-4941-b550-9d4883e4392a'[Date]";"2e2ccf6e-c7a1-433d-bd3c-e102099f44e1";True;"OneDirection";False;"PORCENTAJE_OCUPACIONAL";"FECHA_EGR";"Many";"LocalDateTable_b2587bf2-0d3f-4941-b550-9d4883e4392a";"Date";"One";"Ready";"Single"
6434651;"f924549e-39a6-494e-8582-d8943e0424ac";"'PORCENTAJE_OCUPACIONAL'[FECHA_ING] *[<-]1 'LocalDateTable_edde8baf-b13f-46b9-bf8b-559c92af05b1'[Date]";"2e2ccf6e-c7a1-433d-bd3c-e102099f44e1";True;"OneDirection";False;"PORCENTAJE_OCUPACIONAL";"FECHA_ING";"Many";"LocalDateTable_edde8baf-b13f-46b9-bf8b-559c92af05b1";"Date";"One";"Ready";"Single"
6434652;"93a7c560-c366-2cea-9971-31e4b43f2ccd";"'PORCENTAJE_OCUPACIONAL'[FECHADES] *[<-]1 'Calendario'[Date]";"2e2ccf6e-c7a1-433d-bd3c-e102099f44e1";True;"OneDirection";False;"PORCENTAJE_OCUPACIONAL";"fechades";"Many";"Calendario";"Date";"One";"Ready";"Single"
7605283;"AutoDetected_5dd3e2fa-b334-42bc-a053-318a22c8c5d6";"'PORCENTAJE_OCUPACIONAL'[SERVICIO_HOMOLOGADO] *[<-]1 'DIM_SERVICIO'[SERVICIO_HOMOLOGADO]";"2e2ccf6e-c7a1-433d-bd3c-e102099f44e1";True;"OneDirection";False;"PORCENTAJE_OCUPACIONAL";"SERVICIO_HOMOLOGADO";"Many";"DIM_SERVICIO";"SERVICIO_HOMOLOGADO";"One";"Ready";"Single"
7349967;"71053b0f-96d5-48dd-a784-829295855dd7";"'LABORATORIOS_PATOLOGICOS'[FechaSolicitud] *[<-]1 'LocalDateTable_6bc42647-bc47-43c6-a914-9a80782b02c8'[Date]";"2e2ccf6e-c7a1-433d-bd3c-e102099f44e1";True;"OneDirection";False;"LABORATORIOS_PATOLOGICOS";"FechaSolicitud";"Many";"LocalDateTable_6bc42647-bc47-43c6-a914-9a80782b02c8";"Date";"One";"Ready";"Single"
7349968;"b18779a7-0ceb-3ff2-f3e4-17a5e9d227b6";"'LABORATORIOS_PATOLOGICOS'[FechaRealizado] *[<-]1 'Calendario'[Date]";"2e2ccf6e-c7a1-433d-bd3c-e102099f44e1";True;"OneDirection";False;"LABORATORIOS_PATOLOGICOS";"FechaRealizado";"Many";"Calendario";"Date";"One";"Ready";"Single"
