ID;Name;Model;DataCategory;Description;IsHidden;StorageMode;TableStorage;Expression;ShowAsVariationOnly;IsPrivate;CalculationGroupPrecedence;LineageTag
12;"OPORTUNIDAD_TRIAGE";"2e2ccf6e-c7a1-433d-bd3c-e102099f44e1";"Regular";"";False;"Import";"Consulta1 (12)";"";False;False;;"ebb82cda-ed67-4cff-8842-4c81018a85f6"
15;"DateTableTemplate_40012e61-7c29-4a06-8f9c-d723de648a2e";"2e2ccf6e-c7a1-433d-bd3c-e102099f44e1";"Regular";"";True;"Import";"DateTableTemplate 40012e61 7c29 4a06 8f9c d723de648a2e (15)";"Calendar(Date(2015,1,1), Date(2015,1,1))";False;True;;"4ceceab6-2b9e-4f92-a8ef-429ea112b362"
697;"CONSULTA_URGENCIAS";"2e2ccf6e-c7a1-433d-bd3c-e102099f44e1";"Regular";"";False;"Import";"Consulta1 (697)";"";False;False;;"d02d6af6-43a8-48a4-ace2-dadafb77c9fb"
1125;"CIRUGIAS";"2e2ccf6e-c7a1-433d-bd3c-e102099f44e1";"Regular";"";False;"Import";"Consulta1 (1125)";"";False;False;;"c636186c-0e03-4720-b9f5-de3c819d5179"
1994;"ATENCIONES_GINECO";"2e2ccf6e-c7a1-433d-bd3c-e102099f44e1";"Regular";"";False;"Import";"Consulta1 (1994)";"";False;False;;"fc85c559-ca25-41be-997c-5a2a3d850306"
1997;"LocalDateTable_93fa716f-31f2-479a-bb24-9a51280ab80e";"2e2ccf6e-c7a1-433d-bd3c-e102099f44e1";"Regular";"";True;"Import";"LocalDateTable 93fa716f 31f2 479a bb24 9a51280ab80e (1997)";"Calendar(Date(Year(MIN('ATENCIONES_GINECO'[MES_INGRESO])), 1, 1), Date(Year(MAX('ATENCIONES_GINECO'[MES_INGRESO])), 12, 31))";True;False;;"a13ff4da-009a-4df1-bc1c-86a500275a93"
12507;"LocalDateTable_abd5768c-bf3b-487c-ab5e-90c63db8a25c";"2e2ccf6e-c7a1-433d-bd3c-e102099f44e1";"Regular";"";True;"Import";"LocalDateTable abd5768c bf3b 487c ab5e 90c63db8a25c (12507)";"Calendar(Date(Year(MIN('CONSULTA_URGENCIAS'[FECHA_TRIAGE])), 1, 1), Date(Year(MAX('CONSULTA_URGENCIAS'[FECHA_TRIAGE])), 12, 31))";True;False;;"d7d863c5-ea90-4ee3-b312-057e9632a1af"
46417;"PARTOS";"2e2ccf6e-c7a1-433d-bd3c-e102099f44e1";"Regular";"";False;"Import";"Consulta1 (46417)";"";False;False;;"c4657310-40dc-4b25-b4cd-c58ac2b277a8"
72011;"REFERENCIA";"2e2ccf6e-c7a1-433d-bd3c-e102099f44e1";"Regular";"";False;"Import";"Consulta1 (72011)";"";False;False;;"0e466417-ff05-4653-b0b8-3f1f71aadb07"
72014;"LocalDateTable_297d578a-c048-4aa5-8644-e07a27460348";"2e2ccf6e-c7a1-433d-bd3c-e102099f44e1";"Regular";"";True;"Import";"LocalDateTable 297d578a c048 4aa5 8644 e07a27460348 (72014)";"Calendar(Date(Year(MIN('REFERENCIA'[FECHALLAM])), 1, 1), Date(Year(MAX('REFERENCIA'[FECHALLAM])), 12, 31))";True;False;;"bee27356-4b36-44ac-bcfb-ab77bba64df0"
72017;"LocalDateTable_9224751e-1108-4bd4-b12c-59d4d2aeccff";"2e2ccf6e-c7a1-433d-bd3c-e102099f44e1";"Regular";"";True;"Import";"LocalDateTable 9224751e 1108 4bd4 b12c 59d4d2aeccff (72017)";"Calendar(Date(Year(MIN('REFERENCIA'[FECHALLEG])), 1, 1), Date(Year(MAX('REFERENCIA'[FECHALLEG])), 12, 31))";True;False;;"99da4b99-42f3-4174-96de-325758c92e5d"
104140;"UNIDAD";"2e2ccf6e-c7a1-433d-bd3c-e102099f44e1";"Regular";"";False;"Import";"Consulta1 (104140)";"";False;False;;"b2d71b76-5d21-4e93-9aea-74f7792d5b0b"
272357;"PORCENTAJE_OCUP";"2e2ccf6e-c7a1-433d-bd3c-e102099f44e1";"Regular";"";False;"Import";"Consulta1 (272357)";"";False;False;;"a0022bdf-ceb1-4d0e-85f5-bd43d79f85d7"
280481;"OBSERVADOS";"2e2ccf6e-c7a1-433d-bd3c-e102099f44e1";"Regular";"";False;"Import";"Consulta1 (280481)";"";False;False;;"cfa83250-4e6f-4c1e-b18b-d5a53b7e1f11"
312438;"IMAGENES_CARDIOLOGIA";"2e2ccf6e-c7a1-433d-bd3c-e102099f44e1";"Regular";"";False;"Import";"Consulta1 (312438)";"";False;False;;"53e47222-09fb-46fe-a268-06495d0f21dd"
313147;"IMAGENES_ECOGRAFIA";"2e2ccf6e-c7a1-433d-bd3c-e102099f44e1";"Regular";"";False;"Import";"Consulta2 (313147)";"";False;False;;"ab36c497-b82f-4417-8c7c-c316733509a0"
313922;"IMAGENES_OTRAS";"2e2ccf6e-c7a1-433d-bd3c-e102099f44e1";"Regular";"";False;"Import";"Consulta1 (313922)";"";False;False;;"df6302c5-3a63-488f-86ce-1cf77a5beeda"
314625;"Calendario";"2e2ccf6e-c7a1-433d-bd3c-e102099f44e1";"Regular";"";False;"Import";"Tabla (314625)";"CALENDAR(""2023-01-01"",DATE(YEAR(TODAY()),12,31))";False;False;;"f5977950-4b78-4d67-8c6d-b8f34cdececa"
343259;"ASEGURADORAS";"2e2ccf6e-c7a1-433d-bd3c-e102099f44e1";"Regular";"";False;"Import";"Consulta1 (343259)";"";False;False;;"f4676292-e412-41cf-81bc-0f7a7c8ec6eb"
347685;"LABORATORIOS";"2e2ccf6e-c7a1-433d-bd3c-e102099f44e1";"Regular";"";False;"Import";"Consulta1 (347685)";"";False;False;;"00203f5e-9bd8-49cf-8c8d-b8129d0551c8"
377358;"LocalDateTable_ec332c3e-3cd8-4bc7-9922-5cae65708026";"2e2ccf6e-c7a1-433d-bd3c-e102099f44e1";"Regular";"";True;"Import";"LocalDateTable ec332c3e 3cd8 4bc7 9922 5cae65708026 (377358)";"Calendar(Date(Year(MIN('OPORTUNIDAD_TRIAGE'[HCTFECTRI])), 1, 1), Date(Year(MAX('OPORTUNIDAD_TRIAGE'[HCTFECTRI])), 12, 31))";True;False;;"1c0fcce4-b650-40f0-aa07-c07b3524d204"
379400;"LocalDateTable_3e054006-feb4-4b6c-9598-abf3ebf09cff";"2e2ccf6e-c7a1-433d-bd3c-e102099f44e1";"Regular";"";True;"Import";"LocalDateTable 3e054006 feb4 4b6c 9598 abf3ebf09cff (379400)";"Calendar(Date(Year(MIN('OPORTUNIDAD_TRIAGE'[FECHA_TRIAGE])), 1, 1), Date(Year(MAX('OPORTUNIDAD_TRIAGE'[FECHA_TRIAGE])), 12, 31))";True;False;;"17541584-21aa-485f-9055-419577d4eec4"
397264;"QUIMIOTERAPIA";"2e2ccf6e-c7a1-433d-bd3c-e102099f44e1";"Regular";"";False;"Import";"Consulta1 (397264)";"";False;False;;"c0b5ab8d-2372-486a-9ea3-b05b3f892d0b"
397267;"LocalDateTable_3daccb3b-4045-4270-af5e-a142c5b7af71";"2e2ccf6e-c7a1-433d-bd3c-e102099f44e1";"Regular";"";True;"Import";"LocalDateTable 3daccb3b 4045 4270 af5e a142c5b7af71 (397267)";"Calendar(Date(Year(MIN('QUIMIOTERAPIA'[FECHA_ADMISION])), 1, 1), Date(Year(MAX('QUIMIOTERAPIA'[FECHA_ADMISION])), 12, 31))";True;False;;"8a5ddc9b-86a4-488c-a90a-09a66cfdb372"
398299;"LocalDateTable_6cc69554-6ebc-4352-8ca1-3ad90ce2be7e";"2e2ccf6e-c7a1-433d-bd3c-e102099f44e1";"Regular";"";True;"Import";"LocalDateTable 6cc69554 6ebc 4352 8ca1 3ad90ce2be7e (398299)";"Calendar(Date(Year(MIN('QUIMIOTERAPIA'[FECHA])), 1, 1), Date(Year(MAX('QUIMIOTERAPIA'[FECHA])), 12, 31))";True;False;;"2e0cb37a-9d8a-4bca-a40f-c0ad3568519b"
407823;"RADIOTERAPIA";"2e2ccf6e-c7a1-433d-bd3c-e102099f44e1";"Regular";"";False;"Import";"Consulta1 (407823)";"";False;False;;"e4a5332f-529c-4988-b74b-2d8aa7257141"
407826;"LocalDateTable_c2b3ba0f-3b43-459e-9993-f1222cff83b8";"2e2ccf6e-c7a1-433d-bd3c-e102099f44e1";"Regular";"";True;"Import";"LocalDateTable c2b3ba0f 3b43 459e 9993 f1222cff83b8 (407826)";"Calendar(Date(Year(MIN('RADIOTERAPIA'[FECHA_ADMISION])), 1, 1), Date(Year(MAX('RADIOTERAPIA'[FECHA_ADMISION])), 12, 31))";True;False;;"d43a78cd-9bd8-476f-8461-e98d66fa7e89"
407829;"LocalDateTable_6c66b7fe-0cf1-4a09-980c-0ea12f65e138";"2e2ccf6e-c7a1-433d-bd3c-e102099f44e1";"Regular";"";True;"Import";"LocalDateTable 6c66b7fe 0cf1 4a09 980c 0ea12f65e138 (407829)";"Calendar(Date(Year(MIN('RADIOTERAPIA'[FECHA])), 1, 1), Date(Year(MAX('RADIOTERAPIA'[FECHA])), 12, 31))";True;False;;"f4f579c6-df85-4ad4-88dd-fa101d712659"
409199;"UNIDAD CARDIONEUROVASCULAR";"2e2ccf6e-c7a1-433d-bd3c-e102099f44e1";"Regular";"";False;"Import";"Consulta1 (409199)";"";False;False;;"fb2f0dc0-bae5-4a89-87f0-2bd6c504f344"
409202;"LocalDateTable_7728cfe5-1b4f-49eb-981b-d9eb4256b6d3";"2e2ccf6e-c7a1-433d-bd3c-e102099f44e1";"Regular";"";True;"Import";"LocalDateTable 7728cfe5 1b4f 49eb 981b d9eb4256b6d3 (409202)";"Calendar(Date(Year(MIN('UNIDAD CARDIONEUROVASCULAR'[FECHA_SERVICIO])), 1, 1), Date(Year(MAX('UNIDAD CARDIONEUROVASCULAR'[FECHA_SERVICIO])), 12, 31))";True;False;;"1ce6e095-010f-4a64-bcc7-e996adfa6892"
409205;"LocalDateTable_6af4337a-a6f2-43bc-a9ed-0af09b2d21e1";"2e2ccf6e-c7a1-433d-bd3c-e102099f44e1";"Regular";"";True;"Import";"LocalDateTable 6af4337a a6f2 43bc a9ed 0af09b2d21e1 (409205)";"Calendar(Date(Year(MIN('UNIDAD CARDIONEUROVASCULAR'[FECHA])), 1, 1), Date(Year(MAX('UNIDAD CARDIONEUROVASCULAR'[FECHA])), 12, 31))";True;False;;"7c0eed3c-45b1-4a35-8a55-e88a8df4dd3f"
499661;"LocalDateTable_af14d455-f62f-4477-9f8e-3d4e989c8288";"2e2ccf6e-c7a1-433d-bd3c-e102099f44e1";"Regular";"";True;"Import";"LocalDateTable af14d455 f62f 4477 9f8e 3d4e989c8288 (499661)";"Calendar(Date(Year(MIN('PARTOS'[FechaParto])), 1, 1), Date(Year(MAX('PARTOS'[FechaParto])), 12, 31))";True;False;;"b5498a15-4596-4a43-abf9-a7b12b7dabd3"
556618;"PROMEDIO_ESTANCIA";"2e2ccf6e-c7a1-433d-bd3c-e102099f44e1";"Regular";"";False;"Import";"Consulta1 (556618)";"";False;False;;"87a2caa6-6f66-4588-8f97-a4affe49c920"
556621;"LocalDateTable_c6c9bc76-e106-4d6a-93bd-b53a0b8d66a9";"2e2ccf6e-c7a1-433d-bd3c-e102099f44e1";"Regular";"";True;"Import";"LocalDateTable c6c9bc76 e106 4d6a 93bd b53a0b8d66a9 (556621)";"Calendar(Date(Year(MIN('PROMEDIO_ESTANCIA'[FECHA_SALIDA_SERV])), 1, 1), Date(Year(MAX('PROMEDIO_ESTANCIA'[FECHA_SALIDA_SERV])), 12, 31))";True;False;;"73a0433e-23ff-4e23-bc0f-7cc69b0175b3"
556624;"LocalDateTable_0741051d-a784-47a4-a41e-32116358492e";"2e2ccf6e-c7a1-433d-bd3c-e102099f44e1";"Regular";"";True;"Import";"LocalDateTable 0741051d a784 47a4 a41e 32116358492e (556624)";"Calendar(Date(Year(MIN('PROMEDIO_ESTANCIA'[FECHA])), 1, 1), Date(Year(MAX('PROMEDIO_ESTANCIA'[FECHA])), 12, 31))";True;False;;"77926bbc-414b-4952-aeac-52efcd06fcd6"
556627;"LocalDateTable_60d9e697-45c6-4cc8-ab9a-cb3de2ea0daf";"2e2ccf6e-c7a1-433d-bd3c-e102099f44e1";"Regular";"";True;"Import";"LocalDateTable 60d9e697 45c6 4cc8 ab9a cb3de2ea0daf (556627)";"Calendar(Date(Year(MIN('PROMEDIO_ESTANCIA'[FECHA_INGRESO])), 1, 1), Date(Year(MAX('PROMEDIO_ESTANCIA'[FECHA_INGRESO])), 12, 31))";True;False;;"1032b615-57aa-4c36-b194-cfcc2b6b7f2c"
556630;"LocalDateTable_9e7a955a-4e14-4e00-9136-e0e15351d8c7";"2e2ccf6e-c7a1-433d-bd3c-e102099f44e1";"Regular";"";True;"Import";"LocalDateTable 9e7a955a 4e14 4e00 9136 e0e15351d8c7 (556630)";"Calendar(Date(Year(MIN('PROMEDIO_ESTANCIA'[FECHA_INGRESO_SERVICIO])), 1, 1), Date(Year(MAX('PROMEDIO_ESTANCIA'[FECHA_INGRESO_SERVICIO])), 12, 31))";True;False;;"00e42b2e-3765-4e80-be30-b0e7805e4ebd"
556633;"LocalDateTable_7c4ea561-fccc-4d3c-8855-11f8d20177f3";"2e2ccf6e-c7a1-433d-bd3c-e102099f44e1";"Regular";"";True;"Import";"LocalDateTable 7c4ea561 fccc 4d3c 8855 11f8d20177f3 (556633)";"Calendar(Date(Year(MIN('PROMEDIO_ESTANCIA'[FECHA_EGR])), 1, 1), Date(Year(MAX('PROMEDIO_ESTANCIA'[FECHA_EGR])), 12, 31))";True;False;;"1977abe5-dab7-4ec4-b045-ed4b93ea70b9"
556636;"LocalDateTable_92dd464b-e2e7-4f9b-a8ec-56b51a2e0577";"2e2ccf6e-c7a1-433d-bd3c-e102099f44e1";"Regular";"";True;"Import";"LocalDateTable 92dd464b e2e7 4f9b a8ec 56b51a2e0577 (556636)";"Calendar(Date(Year(MIN('PROMEDIO_ESTANCIA'[FECHA_EGRESO])), 1, 1), Date(Year(MAX('PROMEDIO_ESTANCIA'[FECHA_EGRESO])), 12, 31))";True;False;;"6d3f0ac9-012e-4ba8-9bbb-5823bfb0cb50"
560663;"CAMAS";"2e2ccf6e-c7a1-433d-bd3c-e102099f44e1";"Regular";"";False;"Import";"Consulta1 (560663)";"";False;False;;"a4d08ea1-6305-422b-adaa-d20db072f123"
561702;"SERVICIO";"2e2ccf6e-c7a1-433d-bd3c-e102099f44e1";"Regular";"";False;"Import";"Consulta1 (561702)";"";False;False;;"cec47901-cc39-4203-b138-752e5d65d3e5"
599744;"PARTOS_DRIVE";"2e2ccf6e-c7a1-433d-bd3c-e102099f44e1";"Regular";"";False;"Import";"Hoja1 (599744)";"";False;False;;"3f316ee5-ec00-4ce6-8474-9e49ebfb5523"
744108;"LocalDateTable_ea2be855-3a41-4d3d-9eaf-c1d60b093be9";"2e2ccf6e-c7a1-433d-bd3c-e102099f44e1";"Regular";"";True;"Import";"LocalDateTable ea2be855 3a41 4d3d 9eaf c1d60b093be9 (744108)";"Calendar(Date(Year(MIN('CIRUGIAS'[FECHA_CIRUGIA])), 1, 1), Date(Year(MAX('CIRUGIAS'[FECHA_CIRUGIA])), 12, 31))";True;False;;"47ba6b21-e391-439b-a440-432107e78874"
835737;"TERCERO";"2e2ccf6e-c7a1-433d-bd3c-e102099f44e1";"Regular";"";False;"Import";"Consulta1 (835737)";"";False;False;;"d7a7bab0-6956-42e7-9a1c-977202bdb2a8"
987322;"EGRESOS Y TRASLADOS";"2e2ccf6e-c7a1-433d-bd3c-e102099f44e1";"Regular";"";False;"Import";"Consulta1 (987322)";"";False;False;;"71565146-ef7d-41d8-8952-3c2d211c4dd5"
987325;"LocalDateTable_058e66b7-704b-43f7-afc0-81a69284401d";"2e2ccf6e-c7a1-433d-bd3c-e102099f44e1";"Regular";"";True;"Import";"LocalDateTable 058e66b7 704b 43f7 afc0 81a69284401d (987325)";"Calendar(Date(Year(MIN('EGRESOS Y TRASLADOS'[FECHA_INGRESO_CAMA])), 1, 1), Date(Year(MAX('EGRESOS Y TRASLADOS'[FECHA_INGRESO_CAMA])), 12, 31))";True;False;;"340967ad-0d8d-43c7-9031-3aeb948993f7"
987328;"LocalDateTable_9647f585-f449-495d-9e18-e8ff38b3c511";"2e2ccf6e-c7a1-433d-bd3c-e102099f44e1";"Regular";"";True;"Import";"LocalDateTable 9647f585 f449 495d 9e18 e8ff38b3c511 (987328)";"Calendar(Date(Year(MIN('EGRESOS Y TRASLADOS'[FECHA_EGRESO_CAMA])), 1, 1), Date(Year(MAX('EGRESOS Y TRASLADOS'[FECHA_EGRESO_CAMA])), 12, 31))";True;False;;"b2334052-9a42-4839-93db-3d5dd94e29bd"
987334;"LocalDateTable_ebeb447a-abfc-49d8-ac73-777acd3bb194";"2e2ccf6e-c7a1-433d-bd3c-e102099f44e1";"Regular";"";True;"Import";"LocalDateTable ebeb447a abfc 49d8 ac73 777acd3bb194 (987334)";"Calendar(Date(Year(MIN('EGRESOS Y TRASLADOS'[FECHA_INGRESO_INST])), 1, 1), Date(Year(MAX('EGRESOS Y TRASLADOS'[FECHA_INGRESO_INST])), 12, 31))";True;False;;"5be4043a-e203-441f-953f-91ca0401bda7"
987337;"LocalDateTable_a2cb25e7-e5bc-4aaf-bb69-620ba17c65a6";"2e2ccf6e-c7a1-433d-bd3c-e102099f44e1";"Regular";"";True;"Import";"LocalDateTable a2cb25e7 e5bc 4aaf bb69 620ba17c65a6 (987337)";"Calendar(Date(Year(MIN('EGRESOS Y TRASLADOS'[FECHA_EGRESO_FACTURACION])), 1, 1), Date(Year(MAX('EGRESOS Y TRASLADOS'[FECHA_EGRESO_FACTURACION])), 12, 31))";True;False;;"0087778b-4500-402e-80b1-691faf33c778"
994331;"LocalDateTable_4badb09a-ac87-4e70-9cc0-b28b4846f557";"2e2ccf6e-c7a1-433d-bd3c-e102099f44e1";"Regular";"";True;"Import";"LocalDateTable 4badb09a ac87 4e70 9cc0 b28b4846f557 (994331)";"Calendar(Date(Year(MIN('EGRESOS Y TRASLADOS'[FECHA_EGRESO_FINAL])), 1, 1), Date(Year(MAX('EGRESOS Y TRASLADOS'[FECHA_EGRESO_FINAL])), 12, 31))";True;False;;"6c35238c-8782-4c14-9d4b-2f6396d2c3b2"
1008501;"LocalDateTable_e1c8162b-17d9-4679-af40-6d75f1093c7d";"2e2ccf6e-c7a1-433d-bd3c-e102099f44e1";"Regular";"";True;"Import";"LocalDateTable e1c8162b 17d9 4679 af40 6d75f1093c7d (1008501)";"Calendar(Date(Year(MIN('CIRUGIAS'[FECHA_INGRESO])), 1, 1), Date(Year(MAX('CIRUGIAS'[FECHA_INGRESO])), 12, 31))";True;False;;"7d646aae-8057-4760-9071-6820fca7515c"
1079096;"LocalDateTable_eed84406-596f-42e6-87d0-2164af7ce37a";"2e2ccf6e-c7a1-433d-bd3c-e102099f44e1";"Regular";"";True;"Import";"LocalDateTable eed84406 596f 42e6 87d0 2164af7ce37a (1079096)";"Calendar(Date(Year(MIN('CIRUGIAS'[FECHA_SOLCITUD])), 1, 1), Date(Year(MAX('CIRUGIAS'[FECHA_SOLCITUD])), 12, 31))";True;False;;"f6824843-9843-4e20-b35e-40ea38124308"
1122947;"MostrarProyeccion";"2e2ccf6e-c7a1-433d-bd3c-e102099f44e1";"Regular";"";False;"Import";"Tabla (1122947)";"
DATATABLE (
    ""Opcion"", STRING,
    {
        { ""SI"" },
        { ""No"" }
    }
)";False;False;;"4890265e-c6bb-4f6d-bf7e-2ecdaf94d599"
1237153;"ATENCIONES_IMAGENES";"2e2ccf6e-c7a1-433d-bd3c-e102099f44e1";"Regular";"";False;"Import";"ATENCIONES IMAGENES (1237153)";"";False;False;;"20fa41ff-a073-4726-8a57-4aabb358a175"
1237156;"ATENCIONES_LABORATORIO";"2e2ccf6e-c7a1-433d-bd3c-e102099f44e1";"Regular";"";False;"Import";"ATENCIONES LABORATORIO (1237156)";"";False;False;;"adc192ad-2522-43ef-9536-8a603f60977f"
1237159;"CIRUGIAS_ARC";"2e2ccf6e-c7a1-433d-bd3c-e102099f44e1";"Regular";"";False;"Import";"CIRUGIAS  2  (1237159)";"";False;False;;"57aedcbd-181d-45bb-81dc-673ee33ef7d8"
1237162;"CONSULTA_AMBULATORIAS";"2e2ccf6e-c7a1-433d-bd3c-e102099f44e1";"Regular";"";False;"Import";"CONSULTA AMBULATORIAS (1237162)";"";False;False;;"e540aed1-503d-4c0e-946f-32508bed61d3"
1237165;"EGRESOS";"2e2ccf6e-c7a1-433d-bd3c-e102099f44e1";"Regular";"";False;"Import";"EGRESOS (1237165)";"";False;False;;"b58340bc-182e-40b8-bf84-1a223b609e12"
1237168;"EGRESOS_GINECO";"2e2ccf6e-c7a1-433d-bd3c-e102099f44e1";"Regular";"";False;"Import";"EGRESOS GINECO (1237168)";"";False;False;;"7905ea37-58e0-4462-bd32-266494ad0ad4"
1237171;"EGRESOS_NEONATOS";"2e2ccf6e-c7a1-433d-bd3c-e102099f44e1";"Regular";"";False;"Import";"EGRESOS NEONATOS (1237171)";"";False;False;;"c4acf8e1-087f-462c-a1fc-3ee14bf7ba29"
1237174;"EGRESOS_UCI";"2e2ccf6e-c7a1-433d-bd3c-e102099f44e1";"Regular";"";False;"Import";"EGRESOS UCI (1237174)";"";False;False;;"c2dff519-1a77-4e4b-a5a7-db9249b2794d"
1237177;"EGRESOS_URGENCIAS";"2e2ccf6e-c7a1-433d-bd3c-e102099f44e1";"Regular";"";False;"Import";"EGRESOS URGENCIAS (1237177)";"";False;False;;"50c6afb6-99f6-4100-ac9b-22c037cc30de"
1237180;"Hoja1";"2e2ccf6e-c7a1-433d-bd3c-e102099f44e1";"Regular";"";False;"Import";"Hoja1 (1237180)";"";False;False;;"cc23722d-e74f-406d-be45-f9f3645b288e"
1386391;"CONSULTAS PRIORITARIAS";"2e2ccf6e-c7a1-433d-bd3c-e102099f44e1";"Regular";"";False;"Import";"Consulta1 (1386391)";"";False;False;;"dac0f211-495a-4f28-a7a8-5deaa7ae088b"
1386394;"LocalDateTable_fafcc6bf-0f0a-4379-b38e-60c5de1dcc1d";"2e2ccf6e-c7a1-433d-bd3c-e102099f44e1";"Regular";"";True;"Import";"LocalDateTable fafcc6bf 0f0a 4379 b38e 60c5de1dcc1d (1386394)";"Calendar(Date(Year(MIN('CONSULTAS PRIORITARIAS'[FECHA_CITA])), 1, 1), Date(Year(MAX('CONSULTAS PRIORITARIAS'[FECHA_CITA])), 12, 31))";True;False;;"bd277330-130a-477f-a99e-e8f11ebc05ce"
1498423;"CONSULTAS SIN TRIAGE";"2e2ccf6e-c7a1-433d-bd3c-e102099f44e1";"Regular";"";False;"Import";"Consulta1 (1498423)";"";False;False;;"0a2464ff-e042-47d6-9d38-a4f5fe1f9d7c"
1508529;"EGRESOS_POR_SERVICIO";"2e2ccf6e-c7a1-433d-bd3c-e102099f44e1";"Regular";"";False;"Import";"Consulta1 (1508529)";"";False;False;;"5182e437-1c37-4ac2-8459-74763d6d2ada"
1508532;"LocalDateTable_86eeab46-2ead-446a-852e-cade7d0ae018";"2e2ccf6e-c7a1-433d-bd3c-e102099f44e1";"Regular";"";True;"Import";"LocalDateTable 86eeab46 2ead 446a 852e cade7d0ae018 (1508532)";"Calendar(Date(Year(MIN('EGRESOS_POR_SERVICIO'[FECHA_INGRESO])), 1, 1), Date(Year(MAX('EGRESOS_POR_SERVICIO'[FECHA_INGRESO])), 12, 31))";True;False;;"817cf256-69d2-41e9-8c50-90a7f9b1d0d4"
1610508;"TRASLADOS_POR_SERVICIO";"2e2ccf6e-c7a1-433d-bd3c-e102099f44e1";"Regular";"";False;"Import";"Consulta1 (1610508)";"";False;False;;"29941c7d-4eb0-4cc9-acbf-2687760a48ad"
1610511;"LocalDateTable_67079da1-6a1b-4bf6-b32c-25aed1949e71";"2e2ccf6e-c7a1-433d-bd3c-e102099f44e1";"Regular";"";True;"Import";"LocalDateTable 67079da1 6a1b 4bf6 b32c 25aed1949e71 (1610511)";"Calendar(Date(Year(MIN('TRASLADOS_POR_SERVICIO'[FECHA_INGRESO])), 1, 1), Date(Year(MAX('TRASLADOS_POR_SERVICIO'[FECHA_INGRESO])), 12, 31))";True;False;;"c66c8c7b-897d-4dd6-a2fa-a9a2b6418024"
1632030;"VistaServicios";"2e2ccf6e-c7a1-433d-bd3c-e102099f44e1";"Regular";"";False;"Import";"Tabla (1632030)";"DATATABLE(
    ""Servicio"", STRING,
    {
        {""IND_GEN""},
        {""IND URG""},
        {""IND GIN""},
        {""IND NEO""},
        {""IND HOSP""},
        {""IND UCI""}
    }
)
";False;False;;"43cbd378-5020-4911-bdda-0c7d46a704cd"
1752064;"CAMAS HABILITADAS";"2e2ccf6e-c7a1-433d-bd3c-e102099f44e1";"Regular";"";False;"Import";"Consulta1 (1752064)";"";False;False;;"2c666391-02d3-4253-a097-ba46d76b14d1"
1787556;"CONSULTAS_AMBULATORIAS";"2e2ccf6e-c7a1-433d-bd3c-e102099f44e1";"Regular";"";False;"Import";"Consulta1 (1787556)";"";False;False;;"ae66a111-4b7d-4395-a2e7-ac72f4cca947"
1787559;"LocalDateTable_c45a8477-a1e7-4042-b7ec-0c795e3e9a23";"2e2ccf6e-c7a1-433d-bd3c-e102099f44e1";"Regular";"";True;"Import";"LocalDateTable c45a8477 a1e7 4042 b7ec 0c795e3e9a23 (1787559)";"Calendar(Date(Year(MIN('CONSULTAS_AMBULATORIAS'[FECHA_ASIGNA_CITA])), 1, 1), Date(Year(MAX('CONSULTAS_AMBULATORIAS'[FECHA_ASIGNA_CITA])), 12, 31))";True;False;;"c4f59d1d-aaa1-4b99-9000-dc4f8a5fad74"
2420363;"OPORTUNIDAD CIRUGIA";"2e2ccf6e-c7a1-433d-bd3c-e102099f44e1";"Regular";"";False;"Import";"Consulta1 (2420363)";"";False;False;;"64a11f75-73bf-4d7a-8a15-6079dbdbc6a0"
2420366;"LocalDateTable_1d019be7-4b1e-4447-9b57-6174731d3b68";"2e2ccf6e-c7a1-433d-bd3c-e102099f44e1";"Regular";"";True;"Import";"LocalDateTable 1d019be7 4b1e 4447 9b57 6174731d3b68 (2420366)";"Calendar(Date(Year(MIN('OPORTUNIDAD CIRUGIA'[Planeada])), 1, 1), Date(Year(MAX('OPORTUNIDAD CIRUGIA'[Planeada])), 12, 31))";True;False;;"47b3e563-d626-4c3f-ae21-374c0956b25f"
2420369;"LocalDateTable_205926f5-198e-4c73-b8e7-2c36a16ec02f";"2e2ccf6e-c7a1-433d-bd3c-e102099f44e1";"Regular";"";True;"Import";"LocalDateTable 205926f5 198e 4c73 b8e7 2c36a16ec02f (2420369)";"Calendar(Date(Year(MIN('OPORTUNIDAD CIRUGIA'[Paciente en Consulta Externa])), 1, 1), Date(Year(MAX('OPORTUNIDAD CIRUGIA'[Paciente en Consulta Externa])), 12, 31))";True;False;;"f873f4c6-2d4f-451e-84d7-203e780ae343"
2420372;"LocalDateTable_500fb24f-5af0-4f68-92e1-4a09045cc415";"2e2ccf6e-c7a1-433d-bd3c-e102099f44e1";"Regular";"";True;"Import";"LocalDateTable 500fb24f 5af0 4f68 92e1 4a09045cc415 (2420372)";"Calendar(Date(Year(MIN('OPORTUNIDAD CIRUGIA'[Paciente por Autorizar])), 1, 1), Date(Year(MAX('OPORTUNIDAD CIRUGIA'[Paciente por Autorizar])), 12, 31))";True;False;;"374a8b89-d7c5-4df9-8922-a68a2d6f0016"
2420375;"LocalDateTable_49d8b6ca-9af5-4e00-b54d-5e4372567148";"2e2ccf6e-c7a1-433d-bd3c-e102099f44e1";"Regular";"";True;"Import";"LocalDateTable 49d8b6ca 9af5 4e00 b54d 5e4372567148 (2420375)";"Calendar(Date(Year(MIN('OPORTUNIDAD CIRUGIA'[Documentación Entregada por Facturación])), 1, 1), Date(Year(MAX('OPORTUNIDAD CIRUGIA'[Documentación Entregada por Facturación])), 12, 31))";True;False;;"fec09051-9d14-4fb5-9b48-12cf0e3c4786"
2420378;"LocalDateTable_f85df20b-e705-45df-a3d7-797164a89816";"2e2ccf6e-c7a1-433d-bd3c-e102099f44e1";"Regular";"";True;"Import";"LocalDateTable f85df20b e705 45df a3d7 797164a89816 (2420378)";"Calendar(Date(Year(MIN('OPORTUNIDAD CIRUGIA'[Paciente No Autorizado])), 1, 1), Date(Year(MAX('OPORTUNIDAD CIRUGIA'[Paciente No Autorizado])), 12, 31))";True;False;;"377f0765-abc0-4d25-860f-61a12553d0e2"
2420381;"LocalDateTable_ae12351b-eaf4-48d9-bb47-8b6fe3908119";"2e2ccf6e-c7a1-433d-bd3c-e102099f44e1";"Regular";"";True;"Import";"LocalDateTable ae12351b eaf4 48d9 bb47 8b6fe3908119 (2420381)";"Calendar(Date(Year(MIN('OPORTUNIDAD CIRUGIA'[Paciente En Espera Pre anestesico])), 1, 1), Date(Year(MAX('OPORTUNIDAD CIRUGIA'[Paciente En Espera Pre anestesico])), 12, 31))";True;False;;"415a0aa4-8fcb-48b3-ac2a-cc787e6c1ae5"
2420384;"LocalDateTable_724af57f-9d92-431d-8f8e-dc462456bfcc";"2e2ccf6e-c7a1-433d-bd3c-e102099f44e1";"Regular";"";True;"Import";"LocalDateTable 724af57f 9d92 431d 8f8e dc462456bfcc (2420384)";"Calendar(Date(Year(MIN('OPORTUNIDAD CIRUGIA'[Paciente En Espera Programacion])), 1, 1), Date(Year(MAX('OPORTUNIDAD CIRUGIA'[Paciente En Espera Programacion])), 12, 31))";True;False;;"04198b73-ab4d-48a7-b550-6697b4a3eff8"
2420387;"LocalDateTable_3b2ca12b-d423-4593-941b-690c8dbda4a0";"2e2ccf6e-c7a1-433d-bd3c-e102099f44e1";"Regular";"";True;"Import";"LocalDateTable 3b2ca12b d423 4593 941b 690c8dbda4a0 (2420387)";"Calendar(Date(Year(MIN('OPORTUNIDAD CIRUGIA'[Paciente En Tramite Clinico/ADM])), 1, 1), Date(Year(MAX('OPORTUNIDAD CIRUGIA'[Paciente En Tramite Clinico/ADM])), 12, 31))";True;False;;"5b17b79d-0de1-4758-b4b8-59c462ab2afb"
2420390;"LocalDateTable_a882a1de-79d9-420e-83ca-673ef5887871";"2e2ccf6e-c7a1-433d-bd3c-e102099f44e1";"Regular";"";True;"Import";"LocalDateTable a882a1de 79d9 420e 83ca 673ef5887871 (2420390)";"Calendar(Date(Year(MIN('OPORTUNIDAD CIRUGIA'[Paciente Programado])), 1, 1), Date(Year(MAX('OPORTUNIDAD CIRUGIA'[Paciente Programado])), 12, 31))";True;False;;"177870eb-4852-48df-b33d-9bcf5542385c"
2420393;"LocalDateTable_b8380458-d1e2-47bd-bf85-0080e8db6f57";"2e2ccf6e-c7a1-433d-bd3c-e102099f44e1";"Regular";"";True;"Import";"LocalDateTable b8380458 d1e2 47bd bf85 0080e8db6f57 (2420393)";"Calendar(Date(Year(MIN('OPORTUNIDAD CIRUGIA'[Paciente en Sala de Espera])), 1, 1), Date(Year(MAX('OPORTUNIDAD CIRUGIA'[Paciente en Sala de Espera])), 12, 31))";True;False;;"7a6c9c57-c462-40ad-9e59-cffaaef8368d"
2420396;"LocalDateTable_d2ae1c67-8e76-4127-89f0-ad339eb03c03";"2e2ccf6e-c7a1-433d-bd3c-e102099f44e1";"Regular";"";True;"Import";"LocalDateTable d2ae1c67 8e76 4127 89f0 ad339eb03c03 (2420396)";"Calendar(Date(Year(MIN('OPORTUNIDAD CIRUGIA'[Paciente en Quirofano])), 1, 1), Date(Year(MAX('OPORTUNIDAD CIRUGIA'[Paciente en Quirofano])), 12, 31))";True;False;;"adbc9893-1afb-4f62-82b9-e123320451b5"
2420399;"LocalDateTable_815ca82d-535c-4f8c-bfe2-7eb4cc426ad4";"2e2ccf6e-c7a1-433d-bd3c-e102099f44e1";"Regular";"";True;"Import";"LocalDateTable 815ca82d 535c 4f8c bfe2 7eb4cc426ad4 (2420399)";"Calendar(Date(Year(MIN('OPORTUNIDAD CIRUGIA'[Paciente en Recuperacion])), 1, 1), Date(Year(MAX('OPORTUNIDAD CIRUGIA'[Paciente en Recuperacion])), 12, 31))";True;False;;"fa3784a9-9a47-4e0a-966d-8fe54fed84fd"
2420402;"LocalDateTable_89c7fc6a-f48d-46c1-b2cc-5fb6940adf3d";"2e2ccf6e-c7a1-433d-bd3c-e102099f44e1";"Regular";"";True;"Import";"LocalDateTable 89c7fc6a f48d 46c1 b2cc 5fb6940adf3d (2420402)";"Calendar(Date(Year(MIN('OPORTUNIDAD CIRUGIA'[Paciente En Salida])), 1, 1), Date(Year(MAX('OPORTUNIDAD CIRUGIA'[Paciente En Salida])), 12, 31))";True;False;;"89280580-1bfc-4925-9e73-b9907c3fa162"
2420405;"LocalDateTable_1bae119e-6d08-4330-a7e2-4ec09c8aabab";"2e2ccf6e-c7a1-433d-bd3c-e102099f44e1";"Regular";"";True;"Import";"LocalDateTable 1bae119e 6d08 4330 a7e2 4ec09c8aabab (2420405)";"Calendar(Date(Year(MIN('OPORTUNIDAD CIRUGIA'[Paciente Cancelado])), 1, 1), Date(Year(MAX('OPORTUNIDAD CIRUGIA'[Paciente Cancelado])), 12, 31))";True;False;;"b815eaa8-ff82-4221-80d5-001012f4fdcc"
2671557;"LocalDateTable_1e4d3198-fceb-4af7-8182-f357869f4fe1";"2e2ccf6e-c7a1-433d-bd3c-e102099f44e1";"Regular";"";True;"Import";"LocalDateTable 1e4d3198 fceb 4af7 8182 f357869f4fe1 (2671557)";"Calendar(Date(Year(MIN('CIRUGIAS'[AINFECING])), 1, 1), Date(Year(MAX('CIRUGIAS'[AINFECING])), 12, 31))";True;False;;"41ae3959-af53-435a-997f-b7d60e20683b"
2807315;"UNIDAD_CARDIOVASCULAR";"2e2ccf6e-c7a1-433d-bd3c-e102099f44e1";"Regular";"";False;"Import";"Consulta1 (2807315)";"";False;False;;"a0ff3aee-3675-4cfe-9444-2f41074a9729"
3029160;"CIRUGIAS_PENDIENTES";"2e2ccf6e-c7a1-433d-bd3c-e102099f44e1";"Regular";"";False;"Import";"Consulta1 (3029160)";"";False;False;;"bc46e579-8c76-4b1e-8984-a7d634bd4d08"
3029163;"LocalDateTable_99d0d310-fc7f-43a1-bbea-6f656bb02599";"2e2ccf6e-c7a1-433d-bd3c-e102099f44e1";"Regular";"";True;"Import";"LocalDateTable 99d0d310 fc7f 43a1 bbea 6f656bb02599 (3029163)";"Calendar(Date(Year(MIN('CIRUGIAS_PENDIENTES'[Planeada])), 1, 1), Date(Year(MAX('CIRUGIAS_PENDIENTES'[Planeada])), 12, 31))";True;False;;"ec700abd-6ea5-4e07-9873-1ffd7e31dfba"
3029166;"LocalDateTable_64c15279-e8c0-4c04-9991-9aef99c7a726";"2e2ccf6e-c7a1-433d-bd3c-e102099f44e1";"Regular";"";True;"Import";"LocalDateTable 64c15279 e8c0 4c04 9991 9aef99c7a726 (3029166)";"Calendar(Date(Year(MIN('CIRUGIAS_PENDIENTES'[Paciente en Consulta Externa])), 1, 1), Date(Year(MAX('CIRUGIAS_PENDIENTES'[Paciente en Consulta Externa])), 12, 31))";True;False;;"9b594c15-8fcb-4dc8-afff-1768d23812c0"
3029169;"LocalDateTable_47b477f8-6b89-4988-96c9-2275274a8ef7";"2e2ccf6e-c7a1-433d-bd3c-e102099f44e1";"Regular";"";True;"Import";"LocalDateTable 47b477f8 6b89 4988 96c9 2275274a8ef7 (3029169)";"Calendar(Date(Year(MIN('CIRUGIAS_PENDIENTES'[Paciente por Autorizar])), 1, 1), Date(Year(MAX('CIRUGIAS_PENDIENTES'[Paciente por Autorizar])), 12, 31))";True;False;;"ca58ced3-dece-42a5-850a-b7afb6a0b8af"
3029172;"LocalDateTable_29da6148-fb4a-45ee-bf52-293b56c2217f";"2e2ccf6e-c7a1-433d-bd3c-e102099f44e1";"Regular";"";True;"Import";"LocalDateTable 29da6148 fb4a 45ee bf52 293b56c2217f (3029172)";"Calendar(Date(Year(MIN('CIRUGIAS_PENDIENTES'[Documentación Entregada por Facturación])), 1, 1), Date(Year(MAX('CIRUGIAS_PENDIENTES'[Documentación Entregada por Facturación])), 12, 31))";True;False;;"d5006a84-638f-4923-b51c-cd9822ce6d7f"
3029175;"LocalDateTable_38a465d0-3b00-4290-969a-ba436c07b658";"2e2ccf6e-c7a1-433d-bd3c-e102099f44e1";"Regular";"";True;"Import";"LocalDateTable 38a465d0 3b00 4290 969a ba436c07b658 (3029175)";"Calendar(Date(Year(MIN('CIRUGIAS_PENDIENTES'[Paciente No Autorizado])), 1, 1), Date(Year(MAX('CIRUGIAS_PENDIENTES'[Paciente No Autorizado])), 12, 31))";True;False;;"138bd5bf-85ae-4d3a-9194-31b5c07a36b1"
3029178;"LocalDateTable_5b6ffbbf-e8e1-4dc0-abdb-e1ccdb528fb3";"2e2ccf6e-c7a1-433d-bd3c-e102099f44e1";"Regular";"";True;"Import";"LocalDateTable 5b6ffbbf e8e1 4dc0 abdb e1ccdb528fb3 (3029178)";"Calendar(Date(Year(MIN('CIRUGIAS_PENDIENTES'[Paciente En Espera Pre anestesico])), 1, 1), Date(Year(MAX('CIRUGIAS_PENDIENTES'[Paciente En Espera Pre anestesico])), 12, 31))";True;False;;"c651026d-71ec-4e87-9249-d9468381384d"
3029181;"LocalDateTable_b5637514-9587-44b1-8cff-12155eeb5ed0";"2e2ccf6e-c7a1-433d-bd3c-e102099f44e1";"Regular";"";True;"Import";"LocalDateTable b5637514 9587 44b1 8cff 12155eeb5ed0 (3029181)";"Calendar(Date(Year(MIN('CIRUGIAS_PENDIENTES'[Paciente En Espera Programacion])), 1, 1), Date(Year(MAX('CIRUGIAS_PENDIENTES'[Paciente En Espera Programacion])), 12, 31))";True;False;;"3a65dbb1-7555-4764-90a1-2ff003fdad92"
3029184;"LocalDateTable_80b6f56c-4952-40aa-a933-981568216354";"2e2ccf6e-c7a1-433d-bd3c-e102099f44e1";"Regular";"";True;"Import";"LocalDateTable 80b6f56c 4952 40aa a933 981568216354 (3029184)";"Calendar(Date(Year(MIN('CIRUGIAS_PENDIENTES'[Paciente En Tramite Clinico/ADM])), 1, 1), Date(Year(MAX('CIRUGIAS_PENDIENTES'[Paciente En Tramite Clinico/ADM])), 12, 31))";True;False;;"f36116db-9525-4451-93ee-adfbc0c3bffa"
3029187;"LocalDateTable_b4e14cf6-a6e1-4b6a-9ae9-3860dcd98754";"2e2ccf6e-c7a1-433d-bd3c-e102099f44e1";"Regular";"";True;"Import";"LocalDateTable b4e14cf6 a6e1 4b6a 9ae9 3860dcd98754 (3029187)";"Calendar(Date(Year(MIN('CIRUGIAS_PENDIENTES'[Paciente Programado])), 1, 1), Date(Year(MAX('CIRUGIAS_PENDIENTES'[Paciente Programado])), 12, 31))";True;False;;"ee0f0f1b-de21-464a-a1d5-df5c74d192a1"
3029190;"LocalDateTable_8428e5e4-55c6-4447-aead-0d081c9bb25d";"2e2ccf6e-c7a1-433d-bd3c-e102099f44e1";"Regular";"";True;"Import";"LocalDateTable 8428e5e4 55c6 4447 aead 0d081c9bb25d (3029190)";"Calendar(Date(Year(MIN('CIRUGIAS_PENDIENTES'[Paciente en Sala de Espera])), 1, 1), Date(Year(MAX('CIRUGIAS_PENDIENTES'[Paciente en Sala de Espera])), 12, 31))";True;False;;"bc2d1ffa-c234-4f22-a07d-8b8bab068b4c"
3029193;"LocalDateTable_4ea06d15-f5ce-4137-b87a-8fcb0e9f14a2";"2e2ccf6e-c7a1-433d-bd3c-e102099f44e1";"Regular";"";True;"Import";"LocalDateTable 4ea06d15 f5ce 4137 b87a 8fcb0e9f14a2 (3029193)";"Calendar(Date(Year(MIN('CIRUGIAS_PENDIENTES'[Paciente en Quirofano])), 1, 1), Date(Year(MAX('CIRUGIAS_PENDIENTES'[Paciente en Quirofano])), 12, 31))";True;False;;"40df77a5-889c-4d5d-91d7-d132d20c62f9"
3029196;"LocalDateTable_70b45636-4690-40d5-85e8-a82f55ee4364";"2e2ccf6e-c7a1-433d-bd3c-e102099f44e1";"Regular";"";True;"Import";"LocalDateTable 70b45636 4690 40d5 85e8 a82f55ee4364 (3029196)";"Calendar(Date(Year(MIN('CIRUGIAS_PENDIENTES'[Paciente en Recuperacion])), 1, 1), Date(Year(MAX('CIRUGIAS_PENDIENTES'[Paciente en Recuperacion])), 12, 31))";True;False;;"83078075-b41a-4aa8-ba6c-b160e446caf0"
3029199;"LocalDateTable_f426ba51-ba2b-402a-bb9e-a302366154f9";"2e2ccf6e-c7a1-433d-bd3c-e102099f44e1";"Regular";"";True;"Import";"LocalDateTable f426ba51 ba2b 402a bb9e a302366154f9 (3029199)";"Calendar(Date(Year(MIN('CIRUGIAS_PENDIENTES'[Paciente En Salida])), 1, 1), Date(Year(MAX('CIRUGIAS_PENDIENTES'[Paciente En Salida])), 12, 31))";True;False;;"f3262fdf-19ba-4932-8a81-ddaae9efbd61"
3029202;"LocalDateTable_44d7158c-b006-427e-892d-d838e53e337c";"2e2ccf6e-c7a1-433d-bd3c-e102099f44e1";"Regular";"";True;"Import";"LocalDateTable 44d7158c b006 427e 892d d838e53e337c (3029202)";"Calendar(Date(Year(MIN('CIRUGIAS_PENDIENTES'[Paciente Cancelado])), 1, 1), Date(Year(MAX('CIRUGIAS_PENDIENTES'[Paciente Cancelado])), 12, 31))";True;False;;"19e93a88-bd29-4ad8-9db2-f1b7cc925505"
3496842;"CONSOLIDADO_IMAGENES_2025";"2e2ccf6e-c7a1-433d-bd3c-e102099f44e1";"Regular";"";False;"Import";"Consulta1 (3496842)";"";False;False;;"9db3593d-c030-4746-8a9b-4414ab591c1c"
3540707;"HOSPITALIZACION_PARCIAL";"2e2ccf6e-c7a1-433d-bd3c-e102099f44e1";"Regular";"";False;"Import";"Consulta1 (3540707)";"";False;False;;"8aa418e1-a8ac-42b6-b670-2f54bf0dcd41"
3540710;"LocalDateTable_3ccc4380-0435-474b-88c1-0ec1d0ecaf3c";"2e2ccf6e-c7a1-433d-bd3c-e102099f44e1";"Regular";"";True;"Import";"LocalDateTable 3ccc4380 0435 474b 88c1 0ec1d0ecaf3c (3540710)";"Calendar(Date(Year(MIN('HOSPITALIZACION_PARCIAL'[FECHA_INGRESO_CAMA])), 1, 1), Date(Year(MAX('HOSPITALIZACION_PARCIAL'[FECHA_INGRESO_CAMA])), 12, 31))";True;False;;"87abc05e-67b9-4b9b-bbeb-61e4e1e7248e"
3540713;"LocalDateTable_57d8d861-1e4a-4ad1-ab22-76a2aeb7f08c";"2e2ccf6e-c7a1-433d-bd3c-e102099f44e1";"Regular";"";True;"Import";"LocalDateTable 57d8d861 1e4a 4ad1 ab22 76a2aeb7f08c (3540713)";"Calendar(Date(Year(MIN('HOSPITALIZACION_PARCIAL'[FECHA_EGRESO_CAMA])), 1, 1), Date(Year(MAX('HOSPITALIZACION_PARCIAL'[FECHA_EGRESO_CAMA])), 12, 31))";True;False;;"24fe6b7b-e9db-4954-978b-9c151505fd0f"
3540719;"LocalDateTable_37259e27-e88c-4c36-a24d-2e8342183217";"2e2ccf6e-c7a1-433d-bd3c-e102099f44e1";"Regular";"";True;"Import";"LocalDateTable 37259e27 e88c 4c36 a24d 2e8342183217 (3540719)";"Calendar(Date(Year(MIN('HOSPITALIZACION_PARCIAL'[FECHA_INGRESO_INST])), 1, 1), Date(Year(MAX('HOSPITALIZACION_PARCIAL'[FECHA_INGRESO_INST])), 12, 31))";True;False;;"a1915ee6-9f3b-4f5a-82e2-a2c1005593fc"
3540722;"LocalDateTable_03567001-b069-44a7-a247-6e46382e05c0";"2e2ccf6e-c7a1-433d-bd3c-e102099f44e1";"Regular";"";True;"Import";"LocalDateTable 03567001 b069 44a7 a247 6e46382e05c0 (3540722)";"Calendar(Date(Year(MIN('HOSPITALIZACION_PARCIAL'[FECHA_EGRESO_FACTURACION])), 1, 1), Date(Year(MAX('HOSPITALIZACION_PARCIAL'[FECHA_EGRESO_FACTURACION])), 12, 31))";True;False;;"af11d69b-175a-48a9-a3b7-2228dd032bb0"
3612719;"LocalDateTable_a5cc91bc-be4c-4d25-b1fc-5b3b441fbd7c";"2e2ccf6e-c7a1-433d-bd3c-e102099f44e1";"Regular";"";True;"Import";"LocalDateTable a5cc91bc be4c 4d25 b1fc 5b3b441fbd7c (3612719)";"Calendar(Date(Year(MIN('HOSPITALIZACION_PARCIAL'[FECHA_EGRESO_FINAL])), 1, 1), Date(Year(MAX('HOSPITALIZACION_PARCIAL'[FECHA_EGRESO_FINAL])), 12, 31))";True;False;;"63bffbf3-0558-47d2-abd3-8712524b5536"
3613813;"ATENCION DOMICILIARIA";"2e2ccf6e-c7a1-433d-bd3c-e102099f44e1";"Regular";"";False;"Import";"Consulta1 (3613813)";"";False;False;;"26ff4567-c381-4c1a-8e76-144aea23d279"
3613816;"LocalDateTable_3cd70fc0-4d84-44e6-be3b-070d7264ea59";"2e2ccf6e-c7a1-433d-bd3c-e102099f44e1";"Regular";"";True;"Import";"LocalDateTable 3cd70fc0 4d84 44e6 be3b 070d7264ea59 (3613816)";"Calendar(Date(Year(MIN('ATENCION DOMICILIARIA'[FECHA_INGRESO_CAMA])), 1, 1), Date(Year(MAX('ATENCION DOMICILIARIA'[FECHA_INGRESO_CAMA])), 12, 31))";True;False;;"a498710c-d53b-43a1-a7b0-147e3229bd75"
3613819;"LocalDateTable_4fbe9367-c61c-4ef2-9607-558bf4896899";"2e2ccf6e-c7a1-433d-bd3c-e102099f44e1";"Regular";"";True;"Import";"LocalDateTable 4fbe9367 c61c 4ef2 9607 558bf4896899 (3613819)";"Calendar(Date(Year(MIN('ATENCION DOMICILIARIA'[FECHA_EGRESO_CAMA])), 1, 1), Date(Year(MAX('ATENCION DOMICILIARIA'[FECHA_EGRESO_CAMA])), 12, 31))";True;False;;"f183a312-1a57-4c0e-923b-bc88f47983d5"
3613822;"LocalDateTable_27465467-6d81-4bfa-88f2-68edc797ed76";"2e2ccf6e-c7a1-433d-bd3c-e102099f44e1";"Regular";"";True;"Import";"LocalDateTable 27465467 6d81 4bfa 88f2 68edc797ed76 (3613822)";"Calendar(Date(Year(MIN('ATENCION DOMICILIARIA'[FECHA_EGRESO_FINAL])), 1, 1), Date(Year(MAX('ATENCION DOMICILIARIA'[FECHA_EGRESO_FINAL])), 12, 31))";True;False;;"4c51eebd-5253-4368-b677-8e8f6ce6e3e2"
3613825;"LocalDateTable_06dac1dc-0715-481a-9ac0-c0b0356653e0";"2e2ccf6e-c7a1-433d-bd3c-e102099f44e1";"Regular";"";True;"Import";"LocalDateTable 06dac1dc 0715 481a 9ac0 c0b0356653e0 (3613825)";"Calendar(Date(Year(MIN('ATENCION DOMICILIARIA'[FECHA_INGRESO_INST])), 1, 1), Date(Year(MAX('ATENCION DOMICILIARIA'[FECHA_INGRESO_INST])), 12, 31))";True;False;;"6589d325-b73f-4c3f-b2e7-ed3011b82a60"
3613828;"LocalDateTable_afd97080-68cd-41f4-badd-f52ad2f34c0a";"2e2ccf6e-c7a1-433d-bd3c-e102099f44e1";"Regular";"";True;"Import";"LocalDateTable afd97080 68cd 41f4 badd f52ad2f34c0a (3613828)";"Calendar(Date(Year(MIN('ATENCION DOMICILIARIA'[FECHA_EGRESO_FACTURACION])), 1, 1), Date(Year(MAX('ATENCION DOMICILIARIA'[FECHA_EGRESO_FACTURACION])), 12, 31))";True;False;;"d4b33af1-ee78-4c47-a0d1-fb8872789416"
4755961;"LocalDateTable_b1234d38-f4fa-40d7-9f3d-98402bedb5dc";"2e2ccf6e-c7a1-433d-bd3c-e102099f44e1";"Regular";"";True;"Import";"LocalDateTable b1234d38 f4fa 40d7 9f3d 98402bedb5dc (4755961)";"Calendar(Date(Year(MIN('Calendario'[Date])), 1, 1), Date(Year(MAX('Calendario'[Date])), 12, 31))";True;False;;"751de494-8cdd-4572-8b36-837f3b2ab226"
4960135;"FACT_EGRESOS";"2e2ccf6e-c7a1-433d-bd3c-e102099f44e1";"Regular";"";False;"Import";"Consulta1 (4960135)";"";False;False;;"4e5233a0-62a2-4b6a-bb88-efb5679d5af3"
4960138;"LocalDateTable_ad08a943-f408-4c5b-a38e-e60ecc23ca67";"2e2ccf6e-c7a1-433d-bd3c-e102099f44e1";"Regular";"";True;"Import";"LocalDateTable ad08a943 f408 4c5b a38e e60ecc23ca67 (4960138)";"Calendar(Date(Year(MIN('FACT_EGRESOS'[FECHA_ADMISION])), 1, 1), Date(Year(MAX('FACT_EGRESOS'[FECHA_ADMISION])), 12, 31))";True;False;;"46289db7-3edf-48f3-803d-a413c1281572"
5456686;"FACT_ESTANCIA";"2e2ccf6e-c7a1-433d-bd3c-e102099f44e1";"Regular";"";False;"Import";"Consulta2 (5456686)";"";False;False;;"233f709a-0c03-4297-a1e5-df319d6b96af"
5456689;"LocalDateTable_9cda7ada-0277-4871-974d-2a3bb03d75f3";"2e2ccf6e-c7a1-433d-bd3c-e102099f44e1";"Regular";"";True;"Import";"LocalDateTable 9cda7ada 0277 4871 974d 2a3bb03d75f3 (5456689)";"Calendar(Date(Year(MIN('FACT_ESTANCIA'[FECHA_INGRESO])), 1, 1), Date(Year(MAX('FACT_ESTANCIA'[FECHA_INGRESO])), 12, 31))";True;False;;"4915651c-281e-475c-8bf3-f47452538a60"
5456692;"LocalDateTable_7fccc83d-043a-4364-9068-9b643b491300";"2e2ccf6e-c7a1-433d-bd3c-e102099f44e1";"Regular";"";True;"Import";"LocalDateTable 7fccc83d 043a 4364 9068 9b643b491300 (5456692)";"Calendar(Date(Year(MIN('FACT_ESTANCIA'[INGRESO_CAMA])), 1, 1), Date(Year(MAX('FACT_ESTANCIA'[INGRESO_CAMA])), 12, 31))";True;False;;"f72a9dc5-fbef-4b84-b938-4320c38f5345"
5456695;"LocalDateTable_60bc3055-891f-4613-b2f0-8c1c300b1dde";"2e2ccf6e-c7a1-433d-bd3c-e102099f44e1";"Regular";"";True;"Import";"LocalDateTable 60bc3055 891f 4613 b2f0 8c1c300b1dde (5456695)";"Calendar(Date(Year(MIN('FACT_ESTANCIA'[EGRESO_CAMA])), 1, 1), Date(Year(MAX('FACT_ESTANCIA'[EGRESO_CAMA])), 12, 31))";True;False;;"5455128b-2f78-4a01-b771-18f352b8a226"
5522118;"DIM_SERVICIO";"2e2ccf6e-c7a1-433d-bd3c-e102099f44e1";"Regular";"";False;"Import";"Consulta1 (5522118)";"";False;False;;"9a92ae81-defc-442c-a0ca-4bdd6995cf90"
6156186;"LocalDateTable_38204903-9b9f-49e9-b82d-554d01f65f83";"2e2ccf6e-c7a1-433d-bd3c-e102099f44e1";"Regular";"";True;"Import";"LocalDateTable 38204903 9b9f 49e9 b82d 554d01f65f83 (6156186)";"Calendar(Date(Year(MIN('FACT_EGRESOS'[EGRESO_EPICRISIS])), 1, 1), Date(Year(MAX('FACT_EGRESOS'[EGRESO_EPICRISIS])), 12, 31))";True;False;;"60fabb09-4faa-4b25-a5bf-75cf3720fbd7"
6164060;"PORCENTAJE_OCUPACIONAL";"2e2ccf6e-c7a1-433d-bd3c-e102099f44e1";"Regular";"";False;"Import";"Consulta1 (6164060)";"";False;False;;"62bf0a33-02c2-45e0-a521-5b68f78e1720"
6164066;"LocalDateTable_b2587bf2-0d3f-4941-b550-9d4883e4392a";"2e2ccf6e-c7a1-433d-bd3c-e102099f44e1";"Regular";"";True;"Import";"LocalDateTable b2587bf2 0d3f 4941 b550 9d4883e4392a (6164066)";"Calendar(Date(Year(MIN('PORCENTAJE_OCUPACIONAL'[FECHA_EGR])), 1, 1), Date(Year(MAX('PORCENTAJE_OCUPACIONAL'[FECHA_EGR])), 12, 31))";True;False;;"22a75466-289e-4592-b1d9-aa5f9729d845"
6434648;"LocalDateTable_edde8baf-b13f-46b9-bf8b-559c92af05b1";"2e2ccf6e-c7a1-433d-bd3c-e102099f44e1";"Regular";"";True;"Import";"LocalDateTable edde8baf b13f 46b9 bf8b 559c92af05b1 (6434648)";"Calendar(Date(Year(MIN('PORCENTAJE_OCUPACIONAL'[FECHA_ING])), 1, 1), Date(Year(MAX('PORCENTAJE_OCUPACIONAL'[FECHA_ING])), 12, 31))";True;False;;"c04647bd-daa5-4cd1-9c7f-cf9b6be600e9"
6588224;"DIM_ASEGURADOR";"2e2ccf6e-c7a1-433d-bd3c-e102099f44e1";"Regular";"";False;"Import";"Tabla (6588224)";"
DISTINCT(
    UNION(
        SELECTCOLUMNS(FACT_EGRESOS, ""ASEGURADOR"", FACT_EGRESOS[ENTIDAD]),
        SELECTCOLUMNS(FACT_ESTANCIA, ""ASEGURADOR"", FACT_ESTANCIA[ENTIDAD])
    )
)";False;False;;"308bd7f9-2cb6-4423-a71e-5a0af5f20eaf"
6999825;"LocalDateTable_8dc76051-35b9-43f0-bd25-4b56ba9c8af8";"2e2ccf6e-c7a1-433d-bd3c-e102099f44e1";"Regular";"";True;"Import";"LocalDateTable 8dc76051 35b9 43f0 bd25 4b56ba9c8af8 (6999825)";"Calendar(Date(Year(MIN('IMAGENES_OTRAS'[FECHA])), 1, 1), Date(Year(MAX('IMAGENES_OTRAS'[FECHA])), 12, 31))";True;False;;"0ae00248-3389-41c5-a300-7ed7088726f0"
7315942;"LABORATORIOS_PATOLOGICOS";"2e2ccf6e-c7a1-433d-bd3c-e102099f44e1";"Regular";"";False;"Import";"Consulta1 (7315942)";"";False;False;;"40653f47-a50f-4604-8310-3c8dcaf12c97"
7349964;"LocalDateTable_6bc42647-bc47-43c6-a914-9a80782b02c8";"2e2ccf6e-c7a1-433d-bd3c-e102099f44e1";"Regular";"";True;"Import";"LocalDateTable 6bc42647 bc47 43c6 a914 9a80782b02c8 (7349964)";"Calendar(Date(Year(MIN('LABORATORIOS_PATOLOGICOS'[FechaSolicitud])), 1, 1), Date(Year(MAX('LABORATORIOS_PATOLOGICOS'[FechaSolicitud])), 12, 31))";True;False;;"a943bcc8-8715-4f5d-bc7e-c75b0eb083be"
8790885;"LocalDateTable_0ef91757-a863-4649-b09b-8ea1f667a20f";"2e2ccf6e-c7a1-433d-bd3c-e102099f44e1";"Regular";"";True;"Import";"LocalDateTable 0ef91757 a863 4649 b09b 8ea1f667a20f (8790885)";"Calendar(Date(Year(MIN('CONSULTA_URGENCIAS'[FECHA_FOLIO])), 1, 1), Date(Year(MAX('CONSULTA_URGENCIAS'[FECHA_FOLIO])), 12, 31))";True;False;;"58d01f51-88a7-4989-90be-1b81c3671cfc"
